Monthly FX Rates,,,,RBA,OFX,,,,,,,,,,,,,,,,,,,,,,,,,,,,,,,,,,,,,,,,,,,,,,,,,,,,,,,,,,,,66
ISO-4217 Currency Code,Currency Name,Jul-13,Aug-13,Sep-13,Oct-13,Nov-13,Dec-13,Jan-14,Feb-14,Mar-14,Apr-14,May-14,Jun-14,Jul-14,Aug-14,Sep-14,Oct-14,Nov-14,Dec-14,Jan-15,Feb-15,Mar-15,Apr-15,May-15,Jun-15,Jul-15,Aug-15,Sep-15,Oct-15,Nov-15,Dec-15,Jan-16,Feb-16,Mar-16,Apr-16,May-16,Jun-16,Jul-16,Aug-16,Sep-16,Oct-16,Nov-16,Dec-16,Jan-17,Feb-17,Mar-17,Apr-17,May-17,Jun-17,Jul-17,Aug-17,Sep-17,Oct-17,Nov-17,Dec-17,Jan-18,Feb-18,Mar-18,Apr-18,May-18,Jun-18,1-Year Avg,1-Year Std Dev,5-Year Std Dev,FX Data Exists?
AED,UAE dirham,3.3188,3.2858,3.4187,3.4852,3.3372,3.2862,3.2182,3.2858,3.3864,3.4107,3.4224,3.4595,3.4242,3.4334,3.2142,3.2336,3.1183,3.0122,2.8576,2.8616,2.8036,2.931,2.8142,2.8205,2.6787,2.6255,2.5744,2.6071,2.6402,2.6831,2.6075,2.6222,2.812,2.8113,2.6596,2.7272,2.7625,2.7595,2.8021,2.7959,2.7448,2.6574,2.779,2.8234,2.8073,2.7452,2.736,2.8249,2.9332,2.9005,2.8789,2.8179,2.7856,2.8646,2.9648,2.8616,2.815,2.7801,2.7779,2.7143,2.8412,0.072492545,0.273323234,Y
AFN,Afghan afghani,,,,,,,,,,,,,,,,,,,,,,,,,,,,,,,,,,,,,,,,,,,,,,,,,,,,,,,,,,,,,,,,N
ALL,Albanian lek,,,,,,,,,,,,,,,,,,,,,,,,,,,,,,,,,,,,,,,,,,,,,,,,,,,,,,,,,,,,,,,,N
AMD,Armenian dram,,,,,,,,,,,,,,,,,,,,,,,,,,,,,,,,,,,,,,,,,,,,,,,,,,,,,,,,,,,,,,,,N
ANG,Netherlands Antillean guilder,,,,,,,,,,,,,,,,,,,,,,,,,,,,,,,,,,,,,,,,,,,,,,,,,,,,,,,,,,,,,,,,N
AOA,Angolan kwanza,,,,,,,,,,,,,,,,,,,,,,,,,,,,,,,,,,,,,,,,,,,,,,,,,,,,,,,,,,,,,,,,N
ARS,Argentine peso,4.977429,5.043239,5.304081,5.561138,5.599984,5.682735,6.20873,7.04214,7.184454,7.455532,7.513225,7.607156,7.659483,7.733974,7.631507,7.429472,7.36896,7.047737,6.948779,6.766826,6.786322,6.838044,7.058806,6.973393,6.779733,6.753757,6.612328,6.825485,6.860051,8.055697,9.523353,10.510066,11.198858,11.036826,10.34839,10.432681,11.221197,11.321282,11.427327,11.559603,11.530924,11.628266,11.843264,11.941082,11.826846,11.56411,11.67211,12.162356,13.390221,13.736552,13.752165,13.594351,13.331774,13.583132,15.115118,15.609353,15.691309,15.550856,17.751039,19.953844,15.0883095,2.038097159,3.496977583,Y
AUD,Australian dollar,,,,,,,,,,,,,,,,,,,,,,,,,,,,,,,,,,,,,,,,,,,,,,,,,,,,,,,,,,,,,,,,N
AWG,Aruban florin,,,,,,,,,,,,,,,,,,,,,,,,,,,,,,,,,,,,,,,,,,,,,,,,,,,,,,,,,,,,,,,,N
AZN,Azerbaijan manat,,,,,,,,,,,,,,,,,,,,,,,,,,,,,,,,,,,,,,,,,,,,,,,,,,,,,,,,,,,,,,,,N
BAM,Bosnia and Herzegovina convertible mark,,,,,,,,,,,,,,,,,,,,,,,,,,,,,,,,,,,,,,,,,,,,,,,,,,,,,,,,,,,,,,,,N
BBD,Barbadian dollar,,,,,,,,,,,,,,,,,,,,,,,,,,,,,,,,,,,,,,,,,,,,,,,,,,,,,,,,,,,,,,,,N
BDT,Bangladeshi taka,,,,,,,,,,,,,,,,,,,,,,,,,,,,,,,,,,,,,,,,,,,,,,,,,,,,,,,,,,,,,,,,N
BGN,Bulgarian lev,1.370109,1.327943,1.35661,1.364812,1.352011,1.282764,1.271291,1.283447,1.283094,1.319484,1.331246,1.346741,1.356201,1.366133,1.363799,1.343641,1.357878,1.30869,1.360201,1.343214,1.396222,1.398679,1.380974,1.343607,1.318529,1.284931,1.229097,1.255251,1.301775,1.301234,1.266506,1.255495,1.318176,1.322081,1.266639,1.285821,1.331278,1.331771,1.321751,1.350332,1.363996,1.362061,1.371474,1.408779,1.393716,1.376488,1.314354,1.315995,1.323435,1.310178,1.308612,1.296391,1.269462,1.263986,1.275468,1.24686,1.230951,1.225515,1.247596,1.256876,1.2712775,0.032216727,0.046839862,Y
BHD,Bahraini dinar,0.345194,0.340937,0.349085,0.358916,0.351642,0.338661,0.334073,0.337615,0.341983,0.351208,0.352525,0.353043,0.354112,0.350977,0.341873,0.330458,0.326562,0.310793,0.304674,0.293979,0.291508,0.291235,0.29741,0.290648,0.27979,0.275769,0.266487,0.271779,0.269478,0.273234,0.264998,0.26863,0.282551,0.288956,0.276128,0.278759,0.284011,0.287707,0.285441,0.287197,0.283571,0.276636,0.280914,0.2892,0.287222,0.284041,0.280147,0.284957,0.294212,0.298471,0.300826,0.293739,0.287818,0.288467,0.299836,0.29671,0.292477,0.28961,0.284103,0.283568,0.292486417,0.00586057,0.028406518,Y
BIF,Burundi franc,,,,,,,,,,,,,,,,,,,,,,,,,,,,,,,,,,,,,,,,,,,,,,,,,,,,,,,,,,,,,,,,N
BMD,Bermudian dollar,,,,,,,,,,,,,,,,,,,,,,,,,,,,,,,,,,,,,,,,,,,,,,,,,,,,,,,,,,,,,,,,N
BND,Brunei dollar,1.160766,1.150377,1.169845,1.183839,1.162516,1.131766,1.127355,1.135035,1.149008,1.169257,1.17071,1.171572,1.167293,1.162086,1.144536,1.117642,1.121502,1.084294,1.080005,1.056211,1.06356,1.043392,1.050289,1.036856,1.008981,1.020684,0.998826,1.009394,1.009331,1.019623,1.005971,1.001454,1.02923,1.034649,1.001661,1.002316,1.016676,1.027654,1.03019,1.052418,1.061049,1.053367,1.065286,1.084653,1.070572,1.054074,1.036453,1.045094,1.068793,1.07422,1.076518,1.059716,1.03295,1.030069,1.051164,1.038822,1.020619,1.011317,1.064266,1.107851,1.053025417,0.027554371,0.056397833,Y
BOB,Bolivian boliviano,,,,,,,,,,,,,,,,,,,,,,,,,,,,,,,,,,,,,,,,,,,,,,,,,,,,,,,,,,,,,,,,N
BRL,Brazilian real,2.060729,2.116541,2.106718,2.083812,2.139418,2.1081,2.106812,2.135525,2.110514,2.082224,2.076596,2.092427,2.086975,2.110313,2.11092,2.145182,2.201676,2.179736,2.126437,2.192017,2.423553,2.355195,2.405328,2.403805,2.382643,2.560811,2.749101,2.791962,2.706835,2.81187,2.840843,2.829294,2.775068,2.727017,2.589144,2.542389,2.463766,2.44902,2.466511,2.43306,2.516462,2.462554,2.38225,2.382774,2.380978,2.367913,2.384476,2.490566,2.499415,2.491414,2.495311,2.483821,2.487456,2.523938,2.553194,2.556584,2.543026,2.61706,2.736011,2.826496,2.5678105,0.108625915,0.23891083,Y
BSD,Bahamian dollar,,,,,,,,,,,,,,,,,,,,,,,,,,,,,,,,,,,,,,,,,,,,,,,,,,,,,,,,,,,,,,,,N
BTN,Bhutanese ngultrum,,,,,,,,,,,,,,,,,,,,,,,,,,,,,,,,,,,,,,,,,,,,,,,,,,,,,,,,,,,,,,,,N
BWP,Botswana pula,,,,,,,,,,,,,,,,,,,,,,,,,,,,,,,,,,,,,,,,,,,,,,,,,,,,,,,,,,,,,,,,N
BYN,Belarusian ruble,,,,,,,,,,,,,,,,,,,,,,,,,,,,,,,,,,,,,,,,,,,,,,,,,,,,,,,,,,,,,,,,N
BZD,Belize dollar,,,,,,,,,,,,,,,,,,,,,,,,,,,,,,,,,,,,,,,,,,,,,,,,,,,,,,,,,,,,,,,,N
CAD,Canadian dollar,0.9312,0.9422,0.9596,0.9949,0.963,0.9524,0.9793,0.9956,1.0201,1.018,1.0098,1.0057,1.0167,1.0152,0.9758,0.9866,0.9641,0.9518,0.9824,0.9732,0.9694,0.9604,0.952,0.9517,0.9484,0.946,0.9401,0.9347,0.962,1.0137,0.9956,0.9658,0.9951,0.9589,0.9441,0.9632,0.9894,0.9838,1.0034,1.0204,1.0047,0.9754,0.9908,1.013,1.0199,1.0198,1.0022,0.999,0.9953,0.9989,0.9755,0.9854,0.9758,0.9798,0.9946,0.9952,0.9901,0.972,0.9733,0.9771,0.984416667,0.009944467,0.024529806,Y
CDF,Congolese franc,,,,,,,,,,,,,,,,,,,,,,,,,,,,,,,,,,,,,,,,,,,,,,,,,,,,,,,,,,,,,,,,N
CHF,Swiss franc,0.8403,0.8328,0.8434,0.855,0.8227,0.7942,0.7909,0.7948,0.8181,0.8212,0.8368,0.8396,0.847,0.8561,0.8325,0.8435,0.82,0.8112,0.7172,0.7416,0.74,0.7509,0.7229,0.7145,0.7053,0.6861,0.6818,0.7029,0.741,0.722,0.7209,0.7116,0.7394,0.7375,0.7188,0.7283,0.7369,0.7392,0.7371,0.7519,0.7572,0.7384,0.7531,0.775,0.7654,0.7438,0.727,0.7364,0.7731,0.7613,0.7617,0.7646,0.7468,0.7633,0.7539,0.7325,0.7325,0.7475,0.7477,0.7348,0.751641667,0.013606246,0.046722747,Y
CLP,Chilean peso,462.71196,462.913874,467.205824,476.878575,483.793782,475.229682,475.722787,496.134796,510.901839,516.998148,520.328987,518.089679,524.429973,539.254767,538.007498,516.441689,513.333433,504.9193,502.770366,485.756987,486.096431,474.870724,479.112828,486.905901,481.729336,502.255715,487.895919,492.969917,503.334486,510.058598,506.882218,501.244564,510.091427,1365.925713,498.714443,502.894992,495.530536,502.52591,507.055885,504.692078,501.457358,489.540589,491.783441,493.390359,503.931864,494.170805,499.251909,502.245403,513.109366,508.048311,498.929586,491.036434,483.023818,485.810543,481.621101,469.702428,468.687661,461.729779,471.552893,477.286329,484.2115208,16.07450987,113.791461,Y
CNY,Chinese Yuan Renminbi,5.5401,5.4761,5.696,5.7833,5.5362,5.4147,5.3113,5.5145,5.7377,5.8195,5.8179,5.8466,5.7553,5.7437,5.3797,5.3803,5.2181,5.0859,4.8638,4.8852,4.7346,4.9518,4.7521,4.7661,4.5294,4.5604,4.4552,4.4998,4.5984,4.7442,4.669,4.6753,4.9513,4.957,4.7684,4.9344,5.0045,5.0181,5.0893,5.1535,5.1463,5.0286,5.2091,5.2811,5.2734,5.153,5.0903,5.2067,5.3703,5.213,5.2359,5.0857,5.0101,5.0842,5.1058,4.9312,4.8246,4.7936,4.8441,4.8888,5.032275,0.182442863,0.367900601,Y
COP,Colombian peso,,,,,,,,,,,,,,,,,,,,,,,,,,,,,,,,,,,,,,,,,,,,,,,,,,,,,,,,,,,,,,,,N
CRC,Costa Rican colon,,,,,,,,,,,,,,,,,,,,,,,,,,,,,,,,,,,,,,,,,,,,,,,,,,,,,,,,,,,,,,,,N
CUP,Cuban peso,,,,,,,,,,,,,,,,,,,,,,,,,,,,,,,,,,,,,,,,,,,,,,,,,,,,,,,,,,,,,,,,N
CVE,Cape Verdean escudo,,,,,,,,,,,,,,,,,,,,,,,,,,,,,,,,,,,,,,,,,,,,,,,,,,,,,,,,,,,,,,,,N
CZK,Czech koruna,18.174191,17.519184,17.880155,17.902297,18.569178,18.034567,17.861409,18.0131,17.96605,18.519389,18.676311,18.904733,19.036029,19.42579,19.368078,19.067721,19.22671,18.495651,19.40734,18.958785,19.554039,19.627252,19.351885,18.763507,18.264722,17.763725,17.03063,17.396697,17.996998,17.983733,17.499451,17.356502,18.230239,18.27157,17.501746,17.793754,18.404067,18.398345,18.262538,18.654072,18.846787,18.819918,18.9471,19.460571,19.258492,18.867059,17.855499,17.664265,17.646536,17.483206,17.454793,17.075594,16.584707,16.576898,16.588718,16.143282,15.998772,15.880626,16.325697,16.559106,16.69316125,0.594931444,0.961843205,Y
DJF,Djiboutian franc,,,,,,,,,,,,,,,,,,,,,,,,,,,,,,,,,,,,,,,,,,,,,,,,,,,,,,,,,,,,,,,,N
DKK,Danish krone,5.224534,5.063835,5.173171,5.205024,5.156103,4.892916,4.850051,4.896856,4.896381,5.037266,5.080455,5.135875,5.170062,5.207174,5.227269,5.149791,5.166409,4.977925,5.178202,5.115724,5.324006,5.343545,5.267435,5.124736,5.0305,4.90325,4.689026,4.787823,4.965009,4.964381,4.831984,4.790465,5.025373,5.031057,4.816885,4.890144,5.063759,5.066072,5.0335,5.136407,5.188281,5.17753,5.213669,5.354729,5.298675,5.233368,4.999871,5.003678,5.030977,4.982879,4.979665,4.932134,4.829964,4.810096,4.85502,4.746251,4.687422,4.662112,4.744821,4.782517,4.836988167,0.121382089,0.179174528,Y
DOP,Dominican peso,,,,,,,,,,,,,,,,,,,,,,,,,,,,,,,,,,,,,,,,,,,,,,,,,,,,,,,,,,,,,,,,N
DZD,Algerian dinar,,,,,,,,,,,,,,,,,,,,,,,,,,,,,,,,,,,,,,,,,,,,,,,,,,,,,,,,,,,,,,,,N
EGP,Egyptian pound,6.41885,6.319721,6.39288,6.559201,6.424612,6.197578,6.168121,6.234257,6.315219,6.506293,6.623068,6.695384,6.715465,6.656822,6.457675,6.239247,6.190507,5.895034,5.869622,5.946027,5.899017,5.887409,6.018358,5.881232,5.787849,5.723157,5.530145,5.707653,5.646645,5.672188,5.506014,5.584466,6.303846,6.806033,6.503636,6.559955,6.684605,6.774658,6.723316,6.764416,12.096375,13.535052,13.88969,13.029135,13.452284,13.621336,13.443689,13.680316,13.974715,14.026847,14.076324,13.740578,13.463602,13.639008,14.084484,13.906131,13.675112,13.572641,13.398097,13.390773,13.74569267,0.261818508,3.525226103,Y
ERN,Eritrean nakfa,,,,,,,,,,,,,,,,,,,,,,,,,,,,,,,,,,,,,,,,,,,,,,,,,,,,,,,,,,,,,,,,N
ETB,Ethiopian birr,,,,,,,,,,,,,,,,,,,,,,,,,,,,,,,,,,,,,,,,,,,,,,,,,,,,,,,,,,,,,,,,N
EUR,European euro,0.6817,0.6756,0.69,0.6923,0.6676,0.6485,0.6467,0.653,0.6707,0.6729,0.6852,0.6906,0.6959,0.7096,0.6898,0.6995,0.6822,0.6746,0.6869,0.695,0.707,0.7198,0.6998,0.6866,0.667,0.6355,0.6236,0.6467,0.679,0.6682,0.6496,0.653,0.6765,0.6721,0.6506,0.6699,0.679,0.674,0.6802,0.6941,0.7028,0.6872,0.7075,0.726,0.7161,0.6882,0.6671,0.673,0.68,0.6652,0.6658,0.66,0.6394,0.653,0.65,0.6374,0.6217,0.6237,0.6475,0.6344,0.648175,0.017743174,0.024529714,Y
FJD,Fijian dollar,1.728292,1.707358,1.728429,1.747215,1.722397,1.686006,1.668875,1.681498,1.686563,1.709914,1.714017,1.714865,1.721821,1.724796,1.708302,1.68428,1.679087,1.630174,1.615591,1.587116,1.584553,1.576169,1.59896,1.589363,1.563877,1.558026,1.52157,1.529889,1.529537,1.548162,1.500751,1.521252,1.565719,1.582383,1.533317,1.53845,1.556888,1.566414,1.556322,1.569957,1.562196,1.547661,1.549739,1.572833,1.577426,1.566214,1.550078,1.555914,1.58439,1.593103,1.611345,1.596207,1.581381,1.584157,1.613302,1.589365,1.604656,1.5652,1.487938,1.557726,1.580730833,0.033634591,0.069462462,Y
FKP,Falkland Islands pound,,,,,,,,,,,,,,,,,,,,,,,,,,,,,,,,,,,,,,,,,,,,,,,,,,,,,,,,,,,,,,,,N
GBP,Pound sterling,0.5934,0.5766,0.576,0.5924,0.5553,0.5429,0.5319,0.5364,0.5544,0.5525,0.5569,0.5531,0.5509,0.5638,0.5384,0.5508,0.5406,0.5271,0.5162,0.5047,0.5164,0.5178,0.4998,0.4885,0.4673,0.4633,0.4623,0.4637,0.4784,0.4929,0.4942,0.5146,0.5338,0.5227,0.4936,0.5549,0.5708,0.574,0.5886,0.6244,0.5985,0.5892,0.6048,0.6184,0.6126,0.5792,0.5821,0.5913,0.6082,0.6113,0.5845,0.5814,0.5632,0.5797,0.5696,0.5605,0.5444,0.5489,0.568,0.5634,0.573591667,0.020734708,0.041847559,Y
GEL,Georgian lari,,,,,,,,,,,,,,,,,,,,,,,,,,,,,,,,,,,,,,,,,,,,,,,,,,,,,,,,,,,,,,,,N
GGP,Guernsey Pound,,,,,,,,,,,,,,,,,,,,,,,,,,,,,,,,,,,,,,,,,,,,,,,,,,,,,,,,,,,,,,,,N
GHS,Ghanaian cedi,,,,,,,,,,,,,,,,,,,,,,,,,,,,,,,,,,,,,,,,,,,,,,,,,,,,,,,,,,,,,,,,N
GIP,Gibraltar pound,,,,,,,,,,,,,,,,,,,,,,,,,,,,,,,,,,,,,,,,,,,,,,,,,,,,,,,,,,,,,,,,N
GMD,Gambian dalasi,,,,,,,,,,,,,,,,,,,,,,,,,,,,,,,,,,,,,,,,,,,,,,,,,,,,,,,,,,,,,,,,N
GNF,Guinean franc,,,,,,,,,,,,,,,,,,,,,,,,,,,,,,,,,,,,,,,,,,,,,,,,,,,,,,,,,,,,,,,,N
GTQ,Guatemalan quetzal,,,,,,,,,,,,,,,,,,,,,,,,,,,,,,,,,,,,,,,,,,,,,,,,,,,,,,,,,,,,,,,,N
GYD,Guyanese dollar,,,,,,,,,,,,,,,,,,,,,,,,,,,,,,,,,,,,,,,,,,,,,,,,,,,,,,,,,,,,,,,,N
HKD,Hong Kong dollar,7.0084,6.9385,7.2184,7.3578,7.045,6.9385,6.8058,6.9442,7.1537,7.2003,7.2249,7.3013,7.2262,7.2455,6.7944,6.8285,6.5834,6.362,6.0318,6.0432,5.9198,6.1856,5.9409,5.9536,5.6544,5.5408,5.4328,5.5018,5.5717,5.663,5.5322,5.5522,5.9374,5.9381,5.6261,5.7617,5.8335,5.8287,5.9171,5.904,5.7966,5.6122,5.8707,5.967,5.9398,5.8158,5.8045,6.0031,6.2372,6.1806,6.1231,5.9857,5.9217,6.0994,6.314,6.1004,6.0154,5.9415,5.9354,5.8003,6.054558333,0.147992331,0.571581537,Y
HNL,Honduran lempira,,,,,,,,,,,,,,,,,,,,,,,,,,,,,,,,,,,,,,,,,,,,,,,,,,,,,,,,,,,,,,,,N
HRK,Croatian kuna,,,,,,,,,,,,,,,,,,,,,,,,,,,,,,,,,,,,,,,,,,,,,,,,,,,,,,,,,,,,,,,,N
HTG,Haitian gourde,,,,,,,,,,,,,,,,,,,,,,,,,,,,,,,,,,,,,,,,,,,,,,,,,,,,,,,,,,,,,,,,N
HUF,Hungarian forint,206.569248,202.997082,207.839711,205.58386,205.959653,196.662768,195.876081,203.417684,204.384849,207.298989,207.331878,210.608551,214.750379,219.193277,220.012375,212.840237,213.160338,208.188383,219.892905,210.615925,216.775559,214.290911,216.114717,214.293715,210.183325,204.55047,196.858344,199.787805,207.750789,209.321359,203.661359,199.127801,209.625669,210.648738,203.725108,206.424523,214.047036,211.163059,208.630248,212.084681,215.426541,217.310213,216.624979,222.227627,220.825388,219.44515,208.076892,207.417624,207.414549,203.855798,206.370429,205.465018,202.379413,202.343097,201.58247,198.709329,196.464247,195.10599,201.821104,207.188055,202.3916249,4.02731871,6.835130618,Y
IDR,Indonesian rupiah,9290,9770,10845,10714,10884,10899,10700,10417,10475,10736,10841,11177,10795,10946,10649,10650,10362,10202,9812,10027,9993,10331,10127,10228,9836,10032,10280,9706,9950,10082,9826,9563,10172,10112,9864,9790,9854,9982,9917,9933,10138,9725,10095,10258,10185,9963,9920,10252,10643,10539,10563,10415,10254,10572,10814,10688,10549,10508,10505,10612,10555.16667,138.6026586,403.3579431,Y
ILS,Israeli new shekel,3.300376,3.230988,3.306225,3.366115,3.296844,3.148249,3.094377,3.149932,3.154421,3.238177,3.240255,3.233771,3.215007,3.252996,3.29147,3.267033,3.316503,3.241583,3.189971,3.034212,3.094905,3.041484,3.046912,2.947875,2.811635,2.804501,2.762741,2.787176,2.77943,2.806852,2.774106,2.783603,2.898183,2.890803,2.791117,2.851754,2.904049,2.89679,2.852385,2.907058,2.889637,2.812467,2.844355,2.855751,2.783766,2.751229,2.668332,2.667772,2.768449,2.849634,2.814654,2.734877,2.681015,2.68041,2.720376,2.752957,2.689038,2.717222,2.700285,2.702251,2.734264,0.053712212,0.219401489,Y
IMP,Manx pound,,,,,,,,,,,,,,,,,,,,,,,,,,,,,,,,,,,,,,,,,,,,,,,,,,,,,,,,,,,,,,,,N
INR,Indian rupee,55.18,59.64,58.42,58.24,56.6,55.38,54.7,55.58,55.22,56.04,55,56.59,56.18,56.58,53.96,54.07,52.56,51.96,48.09,48.17,47.83,50.72,48.86,48.95,46.7,47.39,46.08,46.3,48.04,48.51,48.32,48.98,50.77,50.93,48.69,50.19,50.43,50.32,50.83,50.84,51.26,49.18,51.36,51.33,49.56,48,48.1,49.77,51.18,50.55,51.28,49.75,48.9,49.91,51.46,50.72,49.96,50.46,51.05,50.68,50.49166667,0.747186643,3.259056309,Y
IQD,Iraqi dinar,,,,,,,,,,,,,,,,,,,,,,,,,,,,,,,,,,,,,,,,,,,,,,,,,,,,,,,,,,,,,,,,N
IRR,Iranian rial,,,,,,,,,,,,,,,,,,,,,,,,,,,,,,,,,,,,,,,,,,,,,,,,,,,,,,,,,,,,,,,,N
ISK,Icelandic krona,,,,,,,,,,,,,,,,,,,,,,,,,,,,,,,,,,,,,,,,,,,,,,,,,,,,,,,,,,,,,,,,N
JEP,Jersey pound,,,,,,,,,,,,,,,,,,,,,,,,,,,,,,,,,,,,,,,,,,,,,,,,,,,,,,,,,,,,,,,,N
JMD,Jamaican dollar,,,,,,,,,,,,,,,,,,,,,,,,,,,,,,,,,,,,,,,,,,,,,,,,,,,,,,,,,,,,,,,,N
JOD,Jordanian dinar,,,,,,,,,,,,,,,,,,,,,,,,,,,,,,,,,,,,,,,,,,,,,,,,,,,,,,,,,,,,,,,,N
JPY,Japanese yen,88.48,87.84,91.13,93.4,92.94,93.95,89.75,90.91,94.83,95.08,94.66,95.43,95.79,97.07,95.73,97.02,100.43,98.04,91.83,92.83,91.72,94.66,94.93,93.92,90.48,86.6,84.05,86.12,88.22,87.98,85.21,80.76,85.93,82.15,80.59,76.23,77.94,77.48,77.13,79.79,84.23,84.47,85.93,86.54,85.67,83.1,82.61,86.16,88.26,87.27,88.32,86.85,84.97,87.94,87.87,83.52,81.61,82.63,82.29,81.82,85.27916667,2.745698978,5.835467678,Y
KES,Kenyan shilling,,,,,,,,,,,,,,,,,,,,,,,,,,,,,,,,,,,,,,,,,,,,,,,,,,,,,,,,,,,,,,,,N
KGS,Kyrgyzstani som,,,,,,,,,,,,,,,,,,,,,,,,,,,,,,,,,,,,,,,,,,,,,,,,,,,,,,,,,,,,,,,,N
KHR,Cambodian riel,,,,,,,,,,,,,,,,,,,,,,,,,,,,,,,,,,,,,,,,,,,,,,,,,,,,,,,,,,,,,,,,N
KMF,Comorian franc,,,,,,,,,,,,,,,,,,,,,,,,,,,,,,,,,,,,,,,,,,,,,,,,,,,,,,,,,,,,,,,,N
KPW,North Korean won,,,,,,,,,,,,,,,,,,,,,,,,,,,,,,,,,,,,,,,,,,,,,,,,,,,,,,,,,,,,,,,,N
KRW,South Korean won,1015.13,993.47,1000.39,1005.51,961.72,939.54,947.15,955.41,983.28,959.67,950.68,953.16,958.23,947.88,923.55,936.49,939.57,895.49,852.88,856.38,847.83,855.72,849.25,856.67,853.51,845.4,830.97,809.25,832.02,856.79,857.72,885.25,875.69,872.22,863.07,855.36,842.69,838.28,837.92,869.79,873.34,873.97,880.61,869.36,855.78,849.61,834.59,880.2,894.06,890.85,898.11,859.84,824.72,835.09,863.93,844.07,817.31,807.91,814.45,822.91,847.7708333,32.87752022,54.99348887,Y
KWD,Kuwaiti dinar,0.261457,0.257434,0.263308,0.268766,0.263867,0.253869,0.250284,0.252801,0.255419,0.26213,0.263279,0.264101,0.265167,0.264063,0.259797,0.253185,0.252057,0.240834,0.237781,0.230334,0.23114,0.231757,0.238114,0.232896,0.224701,0.221102,0.213394,0.217759,0.217092,0.220018,0.213763,0.213851,0.225638,0.231203,0.220844,0.22294,0.227459,0.230073,0.228314,0.23045,0.228603,0.224207,0.227657,0.234048,0.232586,0.229623,0.226006,0.229318,0.236182,0.23891,0.240461,0.235299,0.230403,0.231206,0.239204,0.235967,0.232665,0.230583,0.227329,0.226698,0.23374225,0.004616955,0.015470714,Y
KYD,Cayman Islands dollar,,,,,,,,,,,,,,,,,,,,,,,,,,,,,,,,,,,,,,,,,,,,,,,,,,,,,,,,,,,,,,,,N
KZT,Kazakhstani tenge,,,,,,,,,,,,,,,,,,,,,,,,,,,,,,,,,,,,,,,,,,,,,,,,,,,,,,,,,,,,,,,,N
LAK,Lao kip,,,,,,,,,,,,,,,,,,,,,,,,,,,,,,,,,,,,,,,,,,,,,,,,,,,,,,,,,,,,,,,,N
LBP,Lebanese pound,,,,,,,,,,,,,,,,,,,,,,,,,,,,,,,,,,,,,,,,,,,,,,,,,,,,,,,,,,,,,,,,N
LKR,Sri Lankan rupee,120.168444,119.379667,122.623323,124.763595,122.285324,117.548336,115.831529,117.170717,118.507786,121.669136,121.97328,122.014235,122.329519,121.208713,118.121702,114.475837,113.473266,108.149417,106.398314,103.576287,102.8772,102.743926,105.272637,103.241954,99.250972,97.960595,98.308645,101.481982,101.551698,103.934323,101.287536,102.800029,109.044177,111.641516,107.180443,108.086248,109.894601,111.110539,110.448364,111.961746,111.478941,109.414452,111.849573,115.891671,115.542637,114.6787,113.360197,115.514261,119.750106,120.942666,121.993796,119.573725,117.068531,117.316298,122.305954,121.871443,120.789504,120.032575,118.872823,119.213073,119.9775412,1.711766651,7.579664948,Y
LRD,Liberian dollar,,,,,,,,,,,,,,,,,,,,,,,,,,,,,,,,,,,,,,,,,,,,,,,,,,,,,,,,,,,,,,,,N
LSL,Lesotho loti,,,,,,,,,,,,,,,,,,,,,,,,,,,,,,,,,,,,,,,,,,,,,,,,,,,,,,,,,,,,,,,,N
LYD,Libyan dinar,,,,,,,,,,,,,,,,,,,,,,,,,,,,,,,,,,,,,,,,,,,,,,,,,,,,,,,,,,,,,,,,N
MAD,Moroccan dirham,7.797344,7.586132,7.753047,7.833135,7.742611,7.373521,7.291527,7.36086,7.375128,7.581888,7.647494,7.725013,7.772426,7.801046,7.802598,7.665828,7.663097,7.365693,7.574684,7.439561,7.64801,7.667891,7.669439,7.469807,7.279684,7.128489,6.850044,6.994463,7.127106,7.172385,6.969874,6.974435,7.316637,7.400861,7.081547,7.176726,7.386805,7.427868,7.363669,7.484916,7.498655,7.418504,7.498367,7.714316,7.648176,7.556656,7.309238,7.365545,7.476138,7.469575,7.464925,7.356331,7.204144,7.218232,7.357986,7.233381,7.126459,7.076865,7.093556,7.117117,7.26622575,0.152587138,0.245896858,Y
MDL,Moldovan leu,,,,,,,,,,,,,,,,,,,,,,,,,,,,,,,,,,,,,,,,,,,,,,,,,,,,,,,,,,,,,,,,N
MGA,Malagasy ariary,2018.539756,1977.79435,2047.766173,2125.923642,2092.653074,2032.091046,2005.794611,2083.503055,2138.408181,2213.546171,2231.946138,2271.033662,2322.378643,2347.75025,2298.250734,2284.710423,2357.016541,2150.779459,2161.024967,2199.653171,2298.424893,2384.701035,2453.762086,2443.006945,2442.257114,2425.22314,2248.896298,2261.385207,2338.108344,2323.326492,2257.81044,2273.301801,2402.519799,2403.543606,2326.331117,2294.35798,2325.20626,2299.83445,2311.107161,2422.844947,2441.043755,2444.451315,2446.086174,2412.333011,2423.291803,2377.483289,2166.451404,2366.05188,2298.501063,2330.670328,2382.547023,2400.680964,2424.306281,2471.816094,2571.751409,2490.507349,2437.874977,2835.294931,2761.934708,2434.182072,2486.672267,162.8687529,162.5659458,Y
MKD,Macedonian denar,,,,,,,,,,,,,,,,,,,,,,,,,,,,,,,,,,,,,,,,,,,,,,,,,,,,,,,,,,,,,,,,N
MMK,Myanmar kyat,,,,,,,,,,,,,,,,,,,,,,,,,,,,,,,,,,,,,,,,,,,,,,,,,,,,,,,,,,,,,,,,N
MNT,Mongolian tugrik,,,,,,,,,,,,,,,,,,,,,,,,,,,,,,,,,,,,,,,,,,,,,,,,,,,,,,,,,,,,,,,,N
MOP,Macanese pataca,,,,,,,,,,,,,,,,,,,,,,,,,,,,,,,,,,,,,,,,,,,,,,,,,,,,,,,,,,,,,,,,N
MRU,Mauritanian ouguiya,,,,,,,,,,,,,,,,,,,,,,,,,,,,,,,,,,,,,,,,,,,,,,,,,,,,,,,,,,,,,,,,N
MUR,Mauritian rupee,,,,,,,,,,,,,,,,,,,,,,,,,,,,,,,,,,,,,,,,,,,,,,,,,,,,,,,,,,,,,,,,N
MVR,Maldivian rufiyaa,,,,,,,,,,,,,,,,,,,,,,,,,,,,,,,,,,,,,,,,,,,,,,,,,,,,,,,,,,,,,,,,N
MWK,Malawian kwacha,,,,,,,,,,,,,,,,,,,,,,,,,,,,,,,,,,,,,,,,,,,,,,,,,,,,,,,,,,,,,,,,N
MXN,Mexican peso,11.699635,11.656865,12.110526,12.361448,12.180619,11.68137,11.694965,11.905248,11.972321,12.170807,12.09582,12.158264,12.187984,12.237218,11.982868,11.818025,11.782262,11.977308,11.865265,11.632517,11.781619,10.956393,12.041446,11.932341,11.815101,12.059408,11.892487,11.939438,11.881662,12.367467,12.650973,13.155452,13.224691,13.403405,13.246891,13.812327,13.982746,14.089909,14.543234,14.421142,15.131449,15.055009,15.910444,15.56023,14.685548,14.120434,13.941459,13.712547,13.902086,14.083861,14.204862,14.6523,14.427842,14.72013,15.039409,14.659507,14.435785,14.114686,14.717576,15.192341,14.51253208,0.391781975,1.314646017,Y
MYR,Malaysian ringgit,2.9357,2.944,3.0357,2.9969,2.9315,2.9363,2.9325,2.9369,3.0165,3.0341,2.997,3.0243,2.9744,2.951,2.8645,2.8946,2.8644,2.8666,2.8194,2.8149,2.8345,2.8492,2.7997,2.9046,2.7842,2.999,3.1086,3.0543,3.0643,3.1346,2.9501,3.0106,3.0054,2.9931,2.9852,2.9905,3.0487,3.0435,3.16,3.2001,3.3371,3.2457,3.3518,3.4158,3.3825,3.2509,3.1871,3.3029,3.4172,3.3728,3.3139,3.2464,3.1,3.166,3.1493,3.058,2.9648,2.9671,3.0078,2.9837,3.145583333,0.160625549,0.165843236,Y
MZN,Mozambican metical,,,,,,,,,,,,,,,,,,,,,,,,,,,,,,,,,,,,,,,,,,,,,,,,,,,,,,,,,,,,,,,,N
NAD,Namibian dollar,,,,,,,,,,,,,,,,,,,,,,,,,,,,,,,,,,,,,,,,,,,,,,,,,,,,,,,,,,,,,,,,N
NGN,Nigerian naira,,,,,,,,,,,,,,,,,,,,,,,,,,,,,,,,,,,,,,,,,,,,,,,,,,,,,,,,,,,,,,,,N
NIO,Nicaraguan cordoba,,,,,,,,,,,,,,,,,,,,,,,,,,,,,,,,,,,,,,,,,,,,,,,,,,,,,,,,,,,,,,,,N
NOK,Norwegian krone,5.530014,5.386085,5.539257,5.664729,5.670173,5.521184,5.449544,5.494594,5.442023,5.573201,5.555024,5.652973,5.817086,5.772272,5.750403,5.736485,5.898565,6.006729,6.204899,5.920979,6.170942,6.104955,5.952631,6.019421,6.017655,6.02458,5.845069,5.95617,6.170325,6.293245,6.204515,6.136147,6.358722,6.305634,6.023305,6.144345,6.376356,6.337478,6.229448,6.218508,6.336616,6.288515,6.310711,6.382713,6.481107,6.479583,6.316649,6.391826,6.353333,6.243956,6.244895,6.230612,6.23687,6.370397,6.288982,6.167224,6.026123,6.026424,6.096215,6.085029,6.197505,0.117573647,0.304483952,Y
none,Cook Islands dollar,,,,,,,,,,,,,,,,,,,,,,,,,,,,,,,,,,,,,,,,,,,,,,,,,,,,,,,,,,,,,,,,N
NPR,Nepalese rupee,,,,,,,,,,,,,,,,,,,,,,,,,,,,,,,,,,,,,,,,,,,,,,,,,,,,,,,,,,,,,,,,N
NZD,New Zealand dollar,1.1315,1.1491,1.1248,1.1497,1.1216,1.0879,1.0773,1.0659,1.0661,1.0847,1.0952,1.0761,1.0957,1.117,1.1216,1.1232,1.0839,1.0462,1.0687,1.033,1.0195,1.0503,1.0723,1.1294,1.1077,1.1127,1.0998,1.0534,1.0982,1.0667,1.0933,1.0838,1.11,1.0976,1.0769,1.0489,1.0609,1.0377,1.0484,1.0642,1.0463,1.0397,1.0379,1.069,1.095,1.0868,1.0517,1.05,1.0638,1.1014,1.0871,1.1201,1.1084,1.0991,1.0946,1.0779,1.0646,1.0692,1.0832,1.0903,1.088308333,0.017605653,0.02968945,Y
OMR,Omani rial,0.352588,0.348249,0.356475,0.366479,0.359053,0.345896,0.34115,0.344825,0.349268,0.358597,0.36,0.360519,0.361621,0.358418,0.349011,0.337432,0.333547,0.317391,0.311061,0.300143,0.29771,0.297456,0.303575,0.296843,0.285764,0.281484,0.271945,0.277456,0.275069,0.279003,0.27069,0.2744,0.288544,0.295088,0.281964,0.284617,0.289833,0.29364,0.291579,0.293199,0.289512,0.282538,0.2869,0.295278,0.293422,0.290084,0.286179,0.290915,0.300351,0.304764,0.307149,0.299778,0.293467,0.294809,0.3062,0.30297,0.298666,0.295712,0.289939,0.288567,0.298531,0.006157568,0.029036705,Y
PEN,Peruvian sol,2.543623,2.534618,2.576025,2.638783,2.606314,2.504934,2.488819,2.521155,2.545811,2.60047,2.609834,2.9302,2.615057,2.617302,2.597198,2.546644,2.532221,2.44003,2.427287,2.398542,2.391866,2.408932,2.515726,2.434823,2.360296,2.366266,2.27142,2.336068,2.38081,2.445829,2.415577,2.49795,2.55904,2.532622,2.434982,2.45918,2.486844,2.542239,2.560283,2.578246,2.557078,2.48882,2.488463,2.498487,2.486903,2.448663,2.432545,2.467051,2.532119,2.562078,2.589596,2.531532,2.473419,2.48555,2.55775,2.556997,2.522604,2.481005,2.4641,2.451859,2.517384083,0.044982554,0.09492789,Y
PGK,Papua New Guinean kina,2.0446,2.0615,2.2377,2.2923,2.2002,2.1666,2.1218,2.1663,2.2327,2.2487,2.2564,2.2864,2.2825,2.3027,2.1717,2.2207,2.1716,2.1276,2.0396,2.0587,2.0439,2.1483,2.0852,2.107,2.0233,2.0053,2.0115,2.0757,2.1301,2.1973,2.1548,2.1768,2.3743,2.411,2.2918,2.35,2.3842,2.3816,2.4184,2.413,2.3727,2.2971,2.4022,2.4406,2.4305,2.3768,2.3688,2.4458,2.5396,2.5193,2.5085,2.4632,2.435,2.5202,2.6084,2.5258,2.4927,2.4618,2.4679,2.4273,2.497475,0.050603721,0.163473652,Y
PHP,Philippine peso,39.686238,39.661615,40.488954,41.049289,40.605015,39.684489,39.82902,40.164462,40.615291,41.539477,41.057988,41.016666,40.825388,40.757739,40.052191,39.281066,38.949713,36.831212,35.997538,34.473524,34.408498,34.278526,35.163514,34.717503,33.582601,33.778909,33.019313,33.376542,33.616844,34.206582,33.382028,33.93808,34.908155,35.519168,34.291938,34.330779,35.427643,35.558253,35.987692,36.826423,37.034106,36.517737,37.059481,38.328854,38.273294,37.555751,37.032711,37.675264,39.476015,40.245723,40.654474,40.021847,38.802328,38.499694,40.221352,40.824556,40.413549,39.977263,39.358612,39.811916,39.85894408,0.710794168,2.682024946,Y
PKR,Pakistani rupee,91.969163,92.969915,97.305271,101.129462,100.221794,96.28262,93.409949,94.158088,91.164875,90.794067,92.219932,92.282762,1580.68248,92.987443,91.136338,90.101949,88.279044,83.115983,81.38622,79.077841,78.770658,78.703459,80.361917,78.508846,75.574219,74.787557,73.707033,75.315946,75.346719,76.003997,73.789115,74.663749,78.453214,80.29169,76.686889,76.582352,78.914825,79.866536,77.921952,79.670306,78.793382,76.894232,78.085455,80.378438,79.800314,79.011145,77.867902,79.143021,82.146331,83.214029,84.06825,82.030654,80.201206,83.301176,88.032178,87.109597,86.992543,88.844017,87.106455,89.037239,85.17363958,3.010565636,193.3975066,Y
PLN,Polish zloty,2.994026,2.871737,2.939682,2.921829,2.898279,2.737547,2.713538,2.741836,2.753782,2.8218,2.84503,2.847845,2.873559,2.929713,2.941533,2.908223,2.924174,2.830011,2.973373,2.867746,2.947912,2.880494,2.87895,2.856313,2.801355,2.753856,2.650907,2.725975,2.829706,2.856107,2.847622,2.823541,2.891853,2.91285,2.853225,2.892398,2.992008,2.928561,2.92318,2.974478,3.066453,3.087088,3.061517,3.104297,3.054757,2.983173,2.823379,2.832885,2.866286,2.857458,2.857201,2.825993,2.743939,2.715642,2.71317,2.656572,2.648155,2.623789,2.728826,2.764084,2.750092917,0.08559275,0.111374174,Y
PYG,Paraguayan guarani,,,,,,,,,,,,,,,,,,,,,,,,,,,,,,,,,,,,,,,,,,,,,,,,,,,,,,,,,,,,,,,,N
QAR,Qatari riyal,,,,,,,,,,,,,,,,,,,,,,,,,,,,,,,,,,,,,,,,,,,,,,,,,,,,,,,,,,,,,,,,N
RON,Romanian leu,,,,,,,,,,,,,,,,,,,,,,,,,,,,,,,,,,,,,,,,,,,,,,,,,,,,,,,,,,,,,,,,N
RSD,Serbian dinar,,,,,,,,,,,,,,,,,,,,,,,,,,,,,,,,,,,,,,,,,,,,,,,,,,,,,,,,,,,,,,,,N
RUB,Russian ruble,30.010955,29.841949,30.175385,30.518833,30.487941,29.526606,29.815465,31.557793,32.823079,33.205349,32.641647,32.206314,32.580595,33.652577,34.351864,35.603523,39.971029,46.277045,51.827921,50.390497,46.603188,41.044541,39.986239,42.132601,42.383507,47.717021,47.148552,45.461682,46.500026,50.588265,53.872964,55.006414,52.544661,51.089392,48.262199,48.159606,48.428651,49.479902,48.949871,47.702816,48.595381,45.502817,44.608902,44.84114,44.096204,42.622673,42.43589,43.799272,46.487851,47.034785,45.977751,44.965137,44.933225,44.847753,45.068547,44.740066,44.244832,46.696613,46.935464,47.049718,45.7484785,1.04814398,7.236582715,Y
RWF,Rwandan franc,,,,,,,,,,,,,,,,,,,,,,,,,,,,,,,,,,,,,,,,,,,,,,,,,,,,,,,,,,,,,,,,N
SAR,Saudi Arabian riyal,3.434622,3.392315,3.472506,3.569905,3.497546,3.369647,3.323259,3.358921,3.402268,3.49343,3.506936,3.512204,3.522538,3.491401,3.400092,3.287939,3.249858,3.09418,3.034614,2.925463,2.900092,2.898876,2.957437,2.891044,2.783033,2.741468,2.648617,2.701731,2.679671,2.718496,2.638009,2.672599,2.81066,2.874157,2.746717,2.77257,2.823526,2.860499,2.840074,2.856727,2.820451,2.752241,2.795343,2.875808,2.857914,2.826787,2.787534,2.833587,2.925346,2.964808,2.991556,2.920563,2.858405,2.871663,2.982927,2.951398,2.909827,2.881593,2.827883,2.815551,2.90846,0.058471928,0.282816759,Y
SBD,Solomon Islands dollar,,,,,,,,,,,,,,,6.597494,6.48415,,,,,,,,,,,,,,,,,,,,,,,,,,,,,,,,,,,,,,,,,,,,,#DIV/0!,#DIV/0!,0.080146311,N
SCR,Seychellois rupee,10.961254,10.853238,11.142067,11.47875,11.236528,10.837609,10.697905,10.866747,11.011224,11.252418,11.404659,11.477604,11.551681,11.696097,11.868077,11.923753,12.30096,11.279185,11.316576,10.936853,10.60037,10.489041,10.594947,10.199419,9.710522,9.55072,9.176653,9.350367,9.148271,9.372074,9.17881,9.504012,9.973469,10.305515,9.809917,9.688877,9.918164,10.109384,10.0662,10.132382,10.063429,9.843809,9.982195,10.31614,10.272254,10.18218,10.066237,10.175105,10.54539,10.648827,10.877441,10.640432,10.495355,10.582397,11.016913,10.724417,10.557925,10.359254,10.162401,10.125104,10.56132133,0.259952204,0.727690174,Y
SDG,Sudanese pound,,,,,,,,,,,,,,,,,,,,,,,,,,,,,,,,,,,,,,,,,,,,,,,,,,,,,,,,,,,,,,,,N
SEK,Swedish krona,6.064198,5.90768,6.023109,6.100734,6.138108,5.878743,5.741746,5.82092,5.817618,6.105504,6.145765,6.259835,6.4008,6.419557,6.458791,6.340292,6.422898,6.296444,6.560621,6.517254,6.605846,6.683321,6.574529,6.370787,6.322833,6.252385,5.903956,6.001094,6.203655,6.157265,6.00482,6.041453,6.262663,6.226682,6.01643,6.137158,6.447894,6.461668,6.466667,6.707417,6.868852,6.759222,6.670902,6.828448,6.793601,6.760738,6.522023,6.559329,6.486696,6.399411,6.381194,6.369417,6.387889,6.422466,6.400023,6.33257,6.391676,6.499784,6.588709,6.600999,6.438402833,0.086520739,0.273256143,Y
SGD,Singapore dollar,1.1504,1.1401,1.1707,1.1759,1.1409,1.1323,1.1182,1.1339,1.1634,1.1668,1.1692,1.1763,1.1621,1.1675,1.1147,1.1264,1.107,1.0836,1.0514,1.0574,1.0501,1.0569,1.0333,1.034,1.0025,1.0099,0.9984,0.9954,1.0157,1.0328,1.0127,1.0054,1.0346,1.029,1.0003,1.0027,1.0146,1.0248,1.0412,1.0595,1.0652,1.0465,1.0741,1.0792,1.0686,1.044,1.0315,1.0598,1.0839,1.073,1.0652,1.0446,1.0223,1.0424,1.0577,1.0326,1.0051,1.002,1.0122,1.0078,1.0374,0.028203933,0.056590145,Y
SHP,Saint Helena pound,,,,,,,,,,,,,,,,,,,,,,,,,,,,,,,,,,,,,,,,,,,,,,,,,,,,,,,,,,,,,,,,N
SLL,Sierra Leonean leone,,,,,,,,,,,,,,,,,,,,,,,,,,,,,,,,,,,,,,,,,,,,,,,,,,,,,,,,,,,,,,,,N
SOS,Somali shilling,,,,,,,,,,,,,,,,,,,,,,,,,,,,,,,,,,,,,,,,,,,,,,,,,,,,,,,,,,,,,,,,N
SRD,Surinamese dollar,,,,,,,,,,,,,,,,,,,,,,,,,,,,,,,,,,,,,,,,,,,,,,,,,,,,,,,,,,,,,,,,N
SSP,South Sudanese pound,,,,,,,,,,,,,,,,,,,,,,,,,,,,,,,,,,,,,,,,,,,,,,,,,,,,,,,,,,,,,,,,N
STN,Sao Tome and Principe dobra,,,,,,,,,,,,,,,,,,,,,,,,,,,,,,,,,,,,,,,,,,,,,,,,,,,,,,,,,,,,,,,,N
SYP,Syrian pound,,,,,,,,,,,,,,,,,,,,,,,,,,,,,,,,,,,,,,,,,,,,,,,,,,,,,,,,,,,,,,,,N
SZL,Swazi lilangeni,,,,,,,,,,,,,,,,,,,,,,,,,,,,,,,,,,,,,,,,,,,,,,,,,,,,,,,,,,,,,,,,N
THB,Thai baht,28.34,28.72,29.23,29.5,29.18,29.35,28.94,29.21,29.93,30.02,30.56,30.56,29.82,29.86,28.35,28.63,27.88,26.97,25.46,25.22,24.83,26.23,25.84,25.94,25.67,25.66,25.48,25.27,25.79,26.37,25.42,25.51,26.97,26.75,25.89,26.15,26.24,26.04,26.48,26.64,26.62,25.93,26.65,26.84,26.34,25.86,25.4,26.15,26.6,26.23,26.17,25.5,24.77,25.45,25.33,24.51,23.95,23.86,24.2,24.47,25.08666667,0.930740989,1.787587231,Y
TJS,Tajikistani somoni,,,,,,,,,,,,,,,,,,,,,,,,,,,,,,,,,,,,,,,,,,,,,,,,,,,,,,,,,,,,,,,,N
TMT,Turkmen manat,,,,,,,,,,,,,,,,,,,,,,,,,,,,,,,,,,,,,,,,,,,,,,,,,,,,,,,,,,,,,,,,N
TND,Tunisian dinar,,,,,,,,,,,,,,,,,,,,,,,,,,,,,,,,,,,,,,,,,,,,,,,,,,,,,,,,,,,,,,,,N
TOP,Tongan pa’anga,,,,,,,,,,,,,,,1.678266,1.650587,,,,,,,,,,,,,,,,,,,,,,,,,,,,,,,,,,,,,,,,,,,,,#DIV/0!,#DIV/0!,0.019572009,N
TRY,Turkish lira,1.771744,1.769221,1.869709,1.8883,1.887365,1.853742,1.964279,1.978608,2.008424,1.979639,1.955538,1.983263,1.989,2.008238,2.00273,1.978545,1.933961,1.890043,1.884908,1.920297,2.005135,2.047877,2.085986,2.076952,1.999321,2.08043,2.12937,2.109084,2.057713,2.117809,2.108926,2.098482,2.163432,2.173654,2.150135,2.156268,2.232785,2.259184,2.246688,2.338989,2.47984,2.569957,2.789853,2.807494,2.797288,2.752362,2.651582,2.658183,2.773748,2.774488,2.764754,2.863955,2.96672,2.939048,2.998251,2.977538,3.01664,3.119578,3.332736,3.46887,2.999693833,0.218746811,0.437783656,Y
TTD,Trinidad and Tobago dollar,,,,,,,,,,,,,,,,,,,,,,,,,,,,,,,,,,,,,,,,,,,,,,,,,,,,,,,,,,,,,,,,N
TWD,New Taiwan dollar,27.08,26.77,27.53,27.89,26.91,26.75,26.6,27.14,28.1,28.06,27.95,28.13,27.94,27.94,26.65,26.74,26.29,25.91,24.53,24.51,23.9,24.43,23.49,23.72,23.03,23.29,23.03,23.09,23.5,24.04,23.79,23.8,24.66,24.7,23.64,23.96,23.99,23.83,23.9,24.01,23.82,23.34,23.76,23.6,23.22,22.6,22.43,23.4,24.13,23.82,23.81,23.14,22.76,23.16,23.54,22.81,22.34,22.4,22.67,22.5,23.09,0.610007452,1.836488074,Y
TZS,Tanzanian shilling,1486.481318,1463.183353,1494.486297,1531.255158,1499.300389,1436.5309,1428.734456,1454.577417,1481.449805,1524.390348,1545.93566,1571.123212,1561.325706,1549.27375,1504.260378,1471.718756,1493.423653,1425.154741,1433.560989,1421.462241,1424.792472,1461.37669,1592.968274,1691.724592,1565.91493,1553.80396,1528.164254,1569.151902,1541.808833,1558.874787,1533.977861,1559.209117,1638.115807,1679.127021,1603.456698,1619.625933,1649.403806,1669.206148,1653.797445,1661.609036,1640.096593,1599.008914,1655.021512,1713.986336,1701.312756,1684.66725,1660.846611,1689.442013,1744.318321,1768.279141,1790.122214,1749.085724,1721.447493,1716.752832,1787.061586,1773.597575,1750.804506,1745.483255,1718.184847,1707.270401,1747.700658,27.99949689,109.4864448,Y
UAH,Ukrainian hryvnia,,,,,,,,,,,,,,,,,,,,,,,,,,,,,,,,,,,,,,,,,,,,,,,,,,,,,,,,,,,,,,,,N
UGX,Ugandan shilling,,,,,,,,,,,,,,,,,,,,,,,,,,,,,,,,,,,,,,,,,,,,,,,,,,,,,,,,,,,,,,,,N
USD,United States dollar,0.9037,0.8947,0.9309,0.949,0.9087,0.8948,0.8763,0.8947,0.9221,0.9287,0.9319,0.942,0.9324,0.9349,0.8752,0.8805,0.8491,0.8202,0.7781,0.7792,0.7634,0.7981,0.7663,0.768,0.7294,0.7149,0.701,0.7099,0.7189,0.7306,0.71,0.714,0.7657,0.7655,0.7242,0.7426,0.7522,0.7514,0.763,0.7613,0.7474,0.7236,0.7567,0.7688,0.7644,0.7475,0.745,0.7692,0.7987,0.7898,0.7839,0.7673,0.7585,0.78,0.8073,0.7792,0.7665,0.757,0.7564,0.7391,0.773641667,0.019739875,0.074424887,Y
UYU,Uruguayan peso,,,,,,,,,,,,,,,,,,,,,,,,,,,,,,,,,,,,,,,,,,,,,,,,,,,,,,,,,,,,,,,,N
UZS,Uzbekistani som,,,,,,,,,,,,,,,,,,,,,,,,,,,,,,,,,,,,,,,,,,,,,,,,,,,,,,,,,,,,,,,,N
VES,Venezuelan bolivar,,,,,,,,,,,,,,,,,,,,,,,,,,,,,,,,,,,,,,,,,,,,,,,,,,,,,,,,,,,,,,,,N
VND,Vietnamese dong,19136,18927,19651,20024,19192,18894,18455,18876,19461,19580,19719,20096,19804,19818,18579,18719,18166,17548,16597,16640,16444,17231,16713,16752,15911,16067,15760,15844,16177,16411,15783,15922,17068,17063,16216,16564,16773,16760,17019,16994,16947,16473,17096,17502,17396,16993,16920,17485,18153,17953,17815,17431,17232,17713,18333,17732,17484,17232,17250,16970,17608.16667,412.926327,1219.134673,Y
VUV,Vanuatu vatu,,,,,,,,,,,,,,,86.643462,85.367921,,,,,,,,,,,,,,,,,,,,,,,,,,,,,,,,,,,,,,,,,,,,,#DIV/0!,#DIV/0!,0.901943691,N
WST,Samoan tala,,,,,,,,,,,,,,,2.111382,2.076343,,,,,,,,,,,,,,,,,,,,,,,,,,,,,,,,,,,,,,,,,,,,,#DIV/0!,#DIV/0!,0.024776315,N
XAF,Central African CFA franc,,,,,,,,,,,,,,,,,,,,,,,,,,,,,,,,,,,,,,,,,,,,,,,,,,,,,,,,,,,,,,,,N
XCD,East Caribbean dollar,,,,,,,,,,,,,,,,,,,,,,,,,,,,,,,,,,,,,,,,,,,,,,,,,,,,,,,,,,,,,,,,N
XDR,SDR (Special Drawing Right),,,,,,,,,,,,,,,,,,,,,,,,,,,,,,,,,,,,,,,,,,,,,,,,,,,,,,,,,,,,,,,,N
XOF,West African CFA franc,,,,,,,,,,,,,,,439.629083,434.721677,,,,,,,,,,,,,,,427.896586,428.856416,447.677085,449.282135,430.349989,437.305387,452.81376,452.953831,450.033622,458.080759,460.054431,458.441314,445.794582,473.756974,463.214459,460.913074,441.926684,442.917413,443.675064,422.354532,439.165466,433.803241,426.071461,432.437767,430.690828,409.843932,413.006841,416.527063,420.561023,425.71319,426.1542007,10.32352941,15.73731811,Y
XPF,CFP franc,83.906875,81.322355,83.517603,83.594019,82.661813,78.45229,77.983819,78.828952,78.709252,80.882249,81.610686,82.576052,83.203485,83.230244,83.580926,82.6522,83.209242,80.262004,78.25515,82.672751,98.238446,85.82622,84.6334,82.450752,80.79236,80.015069,75.439045,76.816088,78.944693,79.946829,77.712091,74.741608,80.541274,80.965111,77.403841,78.510933,81.343768,81.483979,80.87339,82.358338,83.474913,83.663457,84.28213,86.188174,85.346923,83.904138,80.585274,80.745759,80.891381,79.603113,80.113308,79.209388,77.852248,77.309571,78.095652,76.269479,75.49907,75.055001,74.440905,76.693409,77.58604375,2.080358588,3.714175248,Y
YER,Yemeni rial,,,,,,,,,,,,,,,,,,,,,,,,,,,,,,,,,,,,,,,,,,,,,,,,,,,,,,,,,,,,,,,,N
ZAR,South African rand,9.096407,9.087368,9.25325,9.420835,9.514986,9.300409,9.597432,9.830167,9.750361,9.823049,9.729943,9.987875,10.010222,9.923912,9.934714,9.713506,9.60273,9.477719,9.329261,9.035464,9.3364,9.265348,9.431184,9.482925,9.232767,9.411827,9.633414,9.719619,10.103528,10.885635,11.428252,11.261244,11.536322,11.203569,11.184766,11.161537,10.855491,10.497272,10.69164,10.603865,10.515675,10.168273,10.116513,10.103082,9.832886,10.134446,9.848072,9.74029,10.242236,10.475749,10.478819,10.674669,10.724964,9.997883,9.70376,9.301226,9.191353,9.297756,9.429662,9.962851,9.956744,0.565874297,0.651032787,Y
ZMW,Zambian kwacha,,,,,,,,,,,,,,,,,,,,,,,,,,,,,,,,,,,,,,,,,,,,,,,,,,,,,,,,,,,,,,,,N
