Australian Bureau of Statistics,,,,,,,,
"81550DO001_201617 Australian Industry, 2016-17",,,,,,,,
Released at 11:30 am (Canberra time) Fri 25 May 2018,,,,,,,,
Table 2 Labour costs by industry division,,,,,,,,
,Wages and salaries,Employer contributions to superannuation,Workers' compensation premiums/costs,Selected labour costs,Fringe benefits tax,Payroll tax,Total labour costs,
,$m,$m,$m,$m,$m,$m,$m,
"AGRICULTURE, FORESTRY AND FISHING",,,,,,,,
2006–07,"5,843",648,240,"6,731",20,81,"6,833",
2007–08,"6,039",686,238,"6,963",16,102,"7,081",
2008–09,"5,985",678,248,"6,911",15,100,"7,026",
2009–10,"5,758",536,223,"6,517",13,89,"6,620",
2010–11,"6,151",537,228,"6,916",17,91,"7,024",
2011–12,"6,320",587,250,"7,156",23,106,"7,285",
2012–13,"6,424",587,266,"7,277",20,105,"7,401",
2013–14,"6,775",631,279,"7,685",25,125,"7,835",
2014–15,"7,363",695,275,"8,332",36,146,"8,514",
2015–16,"8,038",753,287,"9,078",37,162,"9,277",
2016–17,"8,305",771,330,"9,406",20,180,"9,607",
MINING,,,,,,,,
2006–07,"11,827",898,225,"12,950",135,522,"13,607",
2007–08,"13,288",913,205,"14,405",146,543,"15,094",
2008–09,"16,055","1,292",237,"17,585",181,717,"18,483",
2009–10,"16,635","1,320",260,"18,215",187,798,"19,201",
2010–11,"18,745","1,584",259,"20,589",191,882,"21,663",
2011–12,"23,643","1,843",296,"25,782",225,"1,063","27,069",
2012–13,"25,832","2,006",343,"28,181",260,"1,178","29,619",
2013–14,"27,069","2,157",336,"29,562",282,"1,276","31,120",
2014–15,"26,425","2,200",354,"28,980",318,"1,322","30,619",
2015–16,"25,150","2,068",340,"27,558",278,"1,184","29,020",
2016–17,"23,166","1,959",316,"25,441",246,"1,101","26,788",
MANUFACTURING,,,,,,,,
2006–07,"50,036","4,261","1,524","55,822",512,"2,106","58,439",
2007–08,"51,647","4,669","1,467","57,783",503,"2,237","60,522",
2008–09,"52,402","4,728","1,385","58,515",485,"2,218","61,218",
2009–10,"52,064","4,753","1,371","58,187",456,"2,231","60,875",
2010–11,"53,482","4,718","1,361","59,561",421,"2,274","62,256",
2011–12,"56,096","4,871","1,438","62,406",416,"2,391","65,213",
2012–13,"55,490","4,837","1,425","61,752",391,"2,406","64,549",
2013–14,"55,341","4,914","1,392","61,647",426,"2,383","64,455",
2014–15,"55,329","4,915","1,212","61,456",506,"2,315","64,278",
2015–16,"54,994","4,823","1,204","61,021",420,"2,331","63,772",
2016–17,"54,744","4,952","1,210","60,907",401,"2,366","63,674",
"ELECTRICITY, GAS, WATER AND WASTE SERVICES",,,,,,,,
2006–07,"7,432",516,97,"8,045",65,325,"8,435",
2007–08,"8,005",682,114,"8,801",55,351,"9,207",
2008–09,"8,561",692,115,"9,369",56,381,"9,805",
2009–10,"8,950",805,112,"9,866",60,443,"10,369",
2010–11,"9,569",852,128,"10,549",66,464,"11,079",
2011–12,"10,347",893,126,"11,366",59,501,"11,926",
2012–13,"10,474",951,143,"11,568",61,525,"12,154",
2013–14,"10,740","1,051",140,"11,931",58,522,"12,511",
2014–15,"11,384","1,039",132,"12,555",54,530,"13,139",
2015–16,"11,190","1,004",134,"12,328",52,526,"12,906",
2016–17,"11,256",987,136,"12,379",54,519,"12,951",
CONSTRUCTION,,,,,,,,
2006–07,"34,498","3,074","1,091","38,662",164,919,"39,745",
2007–08,"38,487","3,760","1,086","43,334",420,"1,237","44,991",
2008–09,"40,849","3,735","1,040","45,623",196,"1,276","47,095",
2009–10,"42,881","3,909","1,097","47,888",245,"1,385","49,517",
2010–11,"47,694","4,121","1,142","52,958",218,"1,618","54,794",
2011–12,"52,567","4,409","1,373","58,348",262,"1,693","60,304",
2012–13,"56,304","4,937","1,188","62,429",175,"1,797","64,401",
2013–14,"59,121","5,164","1,314","65,599",226,"1,876","67,701",
2014–15,"60,366","5,412","1,178","66,956",490,"1,835","69,281",
2015–16,"61,525","5,403","1,316","68,245",209,"1,859","70,313",
2016–17,"61,350","5,376","1,492","68,218",219,"1,848","70,285",
WHOLESALE TRADE,,,,,,,,
2006–07,"26,808","2,555",559,"29,922",428,"1,159","31,509",
2007–08,"28,672","2,795",531,"31,998",493,"1,225","33,717",
2008–09,"29,628","2,816",438,"32,882",415,"1,256","34,553",
2009–10,"30,289","2,844",512,"33,645",410,"1,250","35,305",
2010–11,"32,692","3,004",639,"36,334",375,"1,396","38,105",
2011–12,"34,303","3,102",597,"38,002",461,"1,633","40,096",
2012–13,"35,016","3,141",554,"38,711",474,"1,477","40,663",
2013–14,"35,112","3,226",496,"38,833",470,"1,429","40,732",
2014–15,"35,438","3,240",451,"39,129",597,"1,473","41,199",
2015–16,"36,873","3,400",481,"40,754",501,"1,637","42,892",
2016–17,"38,428","3,507",541,"42,477",503,"1,733","44,713",
RETAIL TRADE,,,,,,,,
2006–07,"28,705","3,201",529,"32,435",198,956,"33,589",
2007–08,"32,064","3,219",642,"35,926",180,"1,143","37,248",
2008–09,"34,067","2,940",676,"37,683",209,"1,252","39,144",
2009–10,"35,143","2,997",676,"38,815",144,"1,338","40,298",
2010–11,"37,623","3,273",795,"41,691",204,"1,348","43,244",
2011–12,"39,422","3,427",802,"43,651",174,"1,456","45,280",
2012–13,"40,190","3,496",748,"44,435",205,"1,426","46,066",
2013–14,"40,372","3,640",804,"44,816",147,"1,472","46,435",
2014–15,"41,076","3,741",696,"45,513",195,"1,433","47,141",
2015–16,"42,632","3,886",718,"47,237",179,"1,558","48,973",
2016–17,"43,773","4,050",668,"48,490",174,"1,763","50,427",
ACCOMMODATION AND FOOD SERVICES,,,,,,,,
2006–07,"15,222","1,138",353,"16,713",45,384,"17,142",
2007–08,"16,516","1,259",365,"18,139",42,501,"18,683",
2008–09,"17,221","1,420",379,"19,020",42,426,"19,487",
2009–10,"17,662","1,516",410,"19,588",43,458,"20,089",
2010–11,"19,165","1,647",432,"21,244",51,532,"21,827",
2011–12,"19,960","1,730",410,"22,100",59,619,"22,778",
2012–13,"20,780","1,804",483,"23,067",51,600,"23,717",
2013–14,"22,404","1,972",463,"24,839",75,646,"25,560",
2014–15,"23,602","2,046",380,"26,028",113,565,"26,707",
2015–16,"25,140","2,294",442,"27,876",86,633,"28,595",
2016–17,"25,897","2,348",435,"28,680",42,688,"29,410",
"TRANSPORT, POSTAL AND WAREHOUSING",,,,,,,,
2006–07,"23,374","1,908",672,"25,954",167,"1,047","27,167",
2007–08,"25,079","1,980",756,"27,814",129,"1,175","29,118",
2008–09,"25,677","1,999",734,"28,410",119,"1,093","29,622",
2009–10,"26,526","2,138",748,"29,412",105,"1,152","30,669",
2010–11,"28,297","2,266",795,"31,358",106,"1,196","32,660",
2011–12,"31,295","2,464",825,"34,584",109,"1,305","35,999",
2012–13,"32,243","2,652",825,"35,720",109,"1,373","37,202",
2013–14,"33,093","2,839",777,"36,708",115,"1,386","38,209",
2014–15,"33,339","3,009",719,"37,067",154,"1,444","38,665",
2015–16,"34,154","3,043",788,"37,985",128,"1,425","39,537",
2016–17,"34,871","3,135",792,"38,798",135,"1,490","40,423",
INFORMATION MEDIA AND TELECOMMUNICATIONS,,,,,,,,
2006–07,"10,793",863,88,"11,744",140,519,"12,403",
2007–08,"11,579",856,161,"12,595",148,579,"13,322",
2008–09,"11,683",929,104,"12,716",140,588,"13,444",
2009–10,"11,638",995,93,"12,726",91,594,"13,410",
2010–11,"11,972","1,039",72,"13,084",95,593,"13,771",
2011–12,"13,026","1,038",96,"14,161",102,634,"14,897",
2012–13,"13,337","1,006",91,"14,434",104,625,"15,163",
2013–14,"13,456","1,068",84,"14,608",84,646,"15,338",
2014–15,"13,903","1,118",91,"15,112",95,654,"15,862",
2015–16,"14,458","1,164",83,"15,705",76,688,"16,470",
2016–17,"14,724","1,210",75,"16,008",86,701,"16,795",
"RENTAL, HIRING AND REAL ESTATE SERVICES",,,,,,,,
2006–07,"10,498","1,015",140,"11,653",59,276,"11,988",
2007–08,"11,045",913,215,"12,173",88,351,"12,612",
2008–09,"11,220","1,047",186,"12,453",60,378,"12,891",
2009–10,"10,959","1,017",137,"12,113",65,324,"12,502",
2010–11,"11,621","1,033",137,"12,791",50,336,"13,177",
2011–12,"12,149","1,080",165,"13,394",55,348,"13,797",
2012–13,"13,653","1,180",159,"14,992",74,368,"15,434",
2013–14,"14,400","1,219",182,"15,800",56,412,"16,269",
2014–15,"14,904","1,305",155,"16,364",68,443,"16,874",
2015–16,"15,923","1,400",164,"17,487",68,522,"18,077",
2016–17,"16,051","1,429",177,"17,658",79,548,"18,285",
"PROFESSIONAL, SCIENTIFIC AND TECHNICAL SERVICES",,,,,,,,
2006–07,"44,695","4,480",575,"49,751",337,"1,497","51,585",
2007–08,"50,822","5,492",445,"56,759",372,"1,717","58,848",
2008–09,"52,047","5,223",367,"57,637",393,"1,789","59,819",
2009–10,"53,000","4,871",353,"58,225",391,"1,776","60,391",
2010–11,"56,954","4,944",313,"62,211",326,"1,961","64,498",
2011–12,"60,968","5,486",326,"66,780",403,"2,204","69,388",
2012–13,"63,316","5,670",359,"69,344",384,"2,243","71,971",
2013–14,"65,412","5,898",385,"71,695",421,"2,342","74,458",
2014–15,"67,325","6,077",474,"73,876",447,"2,378","76,701",
2015–16,"69,516","6,290",494,"76,299",437,"2,492","79,228",
2016–17,"73,274","6,664",506,"80,444",361,"2,642","83,447",
ADMINISTRATIVE AND SUPPORT SERVICES,,,,,,,,
2006–07,"25,103","2,404",653,"28,160",93,992,"29,245",
2007–08,"28,309","2,526",636,"31,470",122,"1,115","32,706",
2008–09,"26,609","2,178",547,"29,334",122,964,"30,420",
2009–10,"29,162","2,373",559,"32,094",101,"1,129","33,324",
2010–11,"31,800","2,619",550,"34,969",109,"1,218","36,296",
2011–12,"34,635","2,813",675,"38,123",164,"1,426","39,714",
2012–13,"35,145","2,905",724,"38,774",120,"1,503","40,398",
2013–14,"37,831","3,340",709,"41,880",132,"1,542","43,555",
2014–15,"39,946","3,514",680,"44,139",170,"1,531","45,841",
2015–16,"41,002","3,585",665,"45,252",136,"1,600","46,989",
2016–17,"42,304","3,710",672,"46,687",124,"1,775","48,586",
PUBLIC ADMINISTRATION AND SAFETY (PRIVATE),,,,,,,,
2006–07,"2,537",208,106,"2,851",8,103,"2,962",
2007–08,"2,524",210,94,"2,828",8,93,"2,929",
2008–09,"2,497",196,77,"2,771",9,112,"2,892",
2009–10,"2,529",209,71,"2,809",7,98,"2,914",
2010–11,"2,910",240,100,"3,250",7,110,"3,366",
2011–12,"3,601",290,107,"3,998",7,140,"4,145",
2012–13,"3,712",309,101,"4,122",7,159,"4,288",
2013–14,"3,895",329,100,"4,323",12,158,"4,493",
2014–15,"3,967",343,92,"4,402",16,152,"4,571",
2015–16,"4,053",352,100,"4,506",8,165,"4,679",
2016–17,"4,044",357,90,"4,491",9,166,"4,667",
EDUCATION AND TRAINING (PRIVATE),,,,,,,,
2006–07,"9,577",813,119,"10,509",39,57,"10,606",
2007–08,"10,594",997,102,"11,692",38,109,"11,840",
2008–09,"12,086","1,066",126,"13,278",53,142,"13,473",
2009–10,"13,167","1,215",142,"14,523",47,185,"14,756",
2010–11,"14,885","1,355",151,"16,391",52,109,"16,552",
2011–12,"15,173","1,398",141,"16,713",52,173,"16,938",
2012–13,"16,549","1,491",160,"18,200",59,158,"18,417",
2013–14,"17,722","1,594",174,"19,491",58,166,"19,714",
2014–15,"19,016","1,781",158,"20,955",71,146,"21,171",
2015–16,"20,314","1,862",172,"22,348",70,170,"22,588",
2016–17,"20,999","1,973",195,"23,166",81,207,"23,454",
HEALTH CARE AND SOCIAL ASSISTANCE (PRIVATE),,,,,,,,
2006–07,"25,130","2,759",705,"28,594",75,326,"28,995",
2007–08,"28,027","2,814",546,"31,386",86,448,"31,920",
2008–09,"28,740","2,732",558,"32,030",61,559,"32,650",
2009–10,"31,721","2,666",607,"34,994",61,485,"35,540",
2010–11,"35,575","3,152",703,"39,430",63,604,"40,096",
2011–12,"37,580","3,275",757,"41,613",76,514,"42,203",
2012–13,"38,837","3,410",730,"42,977",79,608,"43,664",
2013–14,"42,132","3,686",753,"46,572",90,598,"47,260",
2014–15,"46,003","4,204",670,"50,877",127,648,"51,651",
2015–16,"48,614","4,528",738,"53,880",93,753,"54,726",
2016–17,"51,143","4,775",715,"56,633",77,936,"57,646",
ARTS AND RECREATION SERVICES,,,,,,,,
2006–07,"4,069",404,61,"4,534",28,131,"4,694",
2007–08,"4,500",417,72,"4,989",29,139,"5,157",
2008–09,"4,593",383,127,"5,103",26,162,"5,290",
2009–10,"5,011",427,110,"5,547",31,175,"5,753",
2010–11,"5,453",463,110,"6,026",28,192,"6,246",
2011–12,"5,528",481,99,"6,107",30,182,"6,319",
2012–13,"5,590",486,103,"6,179",32,187,"6,399",
2013–14,"6,229",537,118,"6,883",42,222,"7,148",
2014–15,"6,321",552,105,"6,978",45,219,"7,241",
2015–16,"6,741",592,96,"7,428",38,236,"7,702",
2016–17,"6,951",622,116,"7,689",35,246,"7,969",
OTHER SERVICES,,,,,,,,
2006–07,"12,147","1,050",236,"13,433",75,204,"13,712",
2007–08,"12,988","1,043",247,"14,279",51,247,"14,578",
2008–09,"13,617","1,295",242,"15,154",56,283,"15,494",
2009–10,"14,278","1,372",307,"15,956",86,270,"16,312",
2010–11,"15,523","1,369",285,"17,177",61,290,"17,527",
2011–12,"17,087","1,539",299,"18,925",56,342,"19,323",
2012–13,"16,923","1,492",316,"18,731",74,339,"19,144",
2013–14,"18,226","1,685",301,"20,212",64,416,"20,693",
2014–15,"18,448","1,705",271,"20,423",81,355,"20,860",
2015–16,"19,156","1,746",285,"21,188",102,375,"21,665",
2016–17,"19,555","1,788",293,"21,636",113,419,"22,167",
TOTAL SELECTED INDUSTRIES,,,,,,,,
2006–07,"348,294","32,195","7,973","388,462","2,589","11,606","402,657",
2007–08,"380,183","35,232","7,921","423,336","2,925","13,310","439,571",
2008–09,"393,537","35,349","7,587","436,474","2,637","13,695","452,806",
2009–10,"407,372","35,963","7,787","451,122","2,541","14,180","467,843",
2010–11,"440,111","38,218","8,200","486,529","2,440","15,214","504,182",
2011–12,"473,701","40,728","8,781","523,210","2,733","16,729","542,673",
2012–13,"489,815","42,361","8,719","540,894","2,679","17,078","560,651",
2013–14,"509,329","44,949","8,805","563,084","2,784","17,617","583,485",
2014–15,"524,155","46,896","8,090","579,142","3,582","17,590","600,313",
2015–16,"539,473","48,195","8,508","596,176","2,919","18,317","617,412",
2016–17,"550,834","49,614","8,758","609,206","2,759","19,328","631,294",
,,9.01%,,,,,15%,
,,superannuation,,,,,on-costs,
© Commonwealth of Australia 2018,,,,,,,,
