Register of authorised deposit-taking institutions,,,,,,,,,APRA MBS,KPMG,Financial Statements,,APS 330,Constructed,Import column?,,,,,,,,,,,,,,,,,,,,,,,,,,,,,,,,,,,,,,,,,,,,,,,,,,,,,,,,,,,,,,,,,,,,,,,,
https://www.apra.gov.au/register-authorised-deposit-taking-institutions (Accessed: 2018-11-20),,,,,,,,,Balance Sheet,,,,,,,,,,,,,,,,,,,,,,,,,Profit & Loss,,,,,,,,,,,,,,,,Key Figures,,,,,,,,,,,,,,,,,,,,,,,,,,,,,,,,,,,,,
Y,,Y,Y,Y,Y,,,Y,Y,Y,Y,Y,Y,Y,Y,Y,Y,Y,Y,Y,Y,Y,Y,Y,Y,Y,Y,Y,Y,Y,Y,Y,,Y,Y,,Y,Y,Y,Y,Y,Y,Y,Y,Y,Y,Y,Y,,Y,Y,Y,,,,Y,Y,Y,Y,Y,,,Y,,,Y,Y,Y,,,,,,,,,,,Y,,,,,,,,
,,,,,,,,,Assets,,,,,,,,,,,,Liabilities,,,,,,,,Equity / Capital,,,,,Income,,,,,,,Expenses,,,,,Profit,,,,Interest Rates,,,,,,,,,,,Regulatory Capital,,,,,,,,Leverage,,Liquidity,,,,Other,,,,,,Data Sources (FY18),,,,,,
,,,,,,,,,,,,,4.802%,92.424%,2.774%,,,,,,44.82%,55%,,,,,,,88.5%,11.5%,,,,,,,,,,,,,,,,,,,,1.88%,3.29%,2.54%,#DIV/0!,#DIV/0!,#DIV/0!,1.72%,2.21%,4.40%,1.77%,2.97%,,,,,,,45.75%,,,,,,,,,,,,,,,,,,,,
ABN,APRA ADI Category,Diss Model Category,G-SIB Flag,Name,Short Name,,Date,Units,Cash,Trading Securities,Derivative Assets,Investment Securities,Personal Loans,Home Loans,Business Loans,ADI Loans,Government Loans,TOTAL Loans,Non-financial assets,TOTAL Assets,At Call,TD/CD,Repo/ADI,TOTAL Deposits,Derivative Liabilities,"Bonds, notes & borrowings",Other liabilities,TOTAL Liabilities,Retained Earnings,Reserves,Other Equity,Net Assets,,Interest income,Interest expense,Net Interest Income,Trading Income,Investment income,Other income,TOTAL Income,Personnel,Bad & doubtful debts,Depreciation & Amortisation,Other expenses,TOTAL Expenses,Gross Profit,Income Tax,Net Profit,,Cash Rate,Trading Security Rate,Investment Security Rate,Personal Loan Rate,Home Loan Rate,Business Loan Rate,ADI Loan Rate,Government Loan Rate,TOTAL Loan Rate,Deposit Rate,"Bonds, notes & borrowings Rate",CET1 Capital %,Tier 1 Capital %,Total Capital %,CET1  Capital,Tier 1 Capital,Total Capital,Credit RWA,RWA,Exposures,Leverage Ratio %,Liquid Assets,Net Cash Outflows,LCR %,NSFR %,Market Cap,NIM,Cost-to-Income,ROA,Income Tax %,,AR,APS 330,Cap. Inst.,RMBS,ID No.,Done?,
,,,,,,,,,$,$,$,$,$,$,$,$,$,$,$,$,$,$,$,$,$,$,$,$,$,$,$,$,,$,$,$,$,$,$,$,$,$,$,$,$,$,$,$,,%,%,%,%,%,%,%,%,%,%,%,%,%,%,$,$,$,$,$,$,%,$,$,%,%,$,%,%,%,%,,,,,,,,
11005357522,Autralian-owned banks,Major Bank,1,Australia and New Zealand Banking Group Limited*,ANZ,,Jun-18,$,17981300000,20673700000,68423000000,53827300000,16224100000,259395100000,105086000000,14984600000,518300000,396208100000,385510600000,942624000000,217035400000,42435200000,49191200000,308661800000,69676000000,48806200000,456097000000,883241000000,31715000000,323000000,27345000000,59383000000,,30327000000,-15813000000,14514000000,1140000000,1524000000,2036000000,19214000000,-4758000000,-688000000,-990000000,-3500000000,-9936000000,9278000000,-2784000000,6494000000,,0.0188,0.0551,0.0283,,,,0.0172,0.0221,0.0440,0.0177,0.0297,0.1110,0.1297,0.1480,43784061000,51158000000,58378748000,340904000000,394451000000,"956,377",0.0535,"191,300","138,623",1.3800,,"80,979",0.0470,0.5171,0.0069,0.3001,,Y,Y,Y,Y,1,Y,
48123123124,Autralian-owned banks,Major Bank,1,Commonwealth Bank of Australia*,CBA,,Jun-18,$,10780700000,23466700000,32133000000,69797100000,29664800000,420932700000,130198800000,30127600000,1598500000,612522400000,226465100000,975165000000,399003400000,33624000000,87619200000,520246600000,28472000000,32171200000,326415200000,907305000000,28360000000,1676000000,37824000000,67860000000,,34543000000,-16202000000,18341000000,501000000,1729000000,5561000000,26132000000,-5939000000,-1079000000,-797000000,-4897000000,-12712000000,13420000000,-4026000000,9394000000,,0.0121,0.0202,0.0208,,,,0.0169,0.0221,0.0453,0.0189,0.0282,0.1015,0.1230,0.1505,46537000000,56432000000,69011000000,369528000000,458612000000,"1,018,622",0.0554,"142,500","106,930",1.3326,,,0.0353,0.4865,0.0096,0.3000,,Y,Y,Y,Y,2,Y,
12004044937,Autralian-owned banks,Major Bank,1,National Australia Bank Limited*,NAB,,Jun-18,$,13107700000,78058800000,3840000000,79350300000,25927100000,256035700000,155456700000,26781700000,2204800000,466406000000,165747200000,806510000000,261751300000,34684300000,69714500000,366150100000,2547000000,50288300000,334812600000,753798000000,16673000000,46000000,35993000000,52712000000,,28543000000,-15038000000,13505000000,743000000,782000000,4071000000,19101000000,-4961000000,-791000000,-780000000,-4169000000,-10701000000,8400000000,-2455000000,5945000000,,0.0188,0.0329,0.0270,,,,0.0237,0.0221,0.0525,0.0241,0.0297,0.0970,0.1189,0.1360,38320141000,46967000000,53727208000,336644000000,395053000000,"887,837",0.0529,,,,,,0.0369,0.5602,0.0074,0.2923,,Y,Y,Y,Y,3,Y,
33007457141,Autralian-owned banks,Major Bank,1,Westpac Banking Corporation*,WBC,,Jun-18,$,13029700000,10623800000,24101000000,169919100000,18258000000,409634300000,132065600000,20509300000,1522100000,581989300000,79929100000,879592000000,346194500000,29919900000,77938700000,454053100000,24407000000,41377300000,295181600000,815019000000,27883000000,1077000000,35613000000,64573000000,,32571000000,-16066000000,16505000000,542000000,1914000000,3172000000,22133000000,-4887000000,-710000000,-1144000000,-3661000000,-10402000000,11731000000,-3632000000,8099000000,,0.0188,0.0233,0.0311,,,,0.0194,0.0221,0.0439,0.0180,0.0343,0.1040,0.1260,0.1480,43424472000,52600000000,61796364000,361558000000,417543000000,"935,100",0.0563,,,,,,0.0364,0.4700,0.0092,0.3096,,Y,Y,Y,Y,4,Y,
15081596009,Autralian-owned banks,Other Domestic Bank,0,AMP Bank Ltd,AMP,,Jun-18,$,206400000,0,1092000000,2290900000,739400000,12882600000,1095400000,796000000,0,15513400000,128982300000,148085000000,5215900000,1374300000,1791100000,8381300000,489000000,2362700000,129569000000,140802000000,-164000000,-2010000000,9457000000,7283000000,,869220075,-487220075,382000000,0,58182480,13000000,395000000,-31617672,-16921429,0,-144382328,-176000000,219000000,-66000000,153000000,,0.0188,0.0329,0.0254,,,,0.0172,0.0221,0.0440,0.0177,0.0297,0.1030,0.1210,0.1570,791276900,929558300,1206121100,6665800000,7682300000,,,,,,,,0.0456,0.4456,0.0010,0.3014,,Y,Y,Y,Y,5,Y,The P&L data is incomplete in the half-year report. Note 3.3(c) on p.84 of FY17 report shows loans by LVR.
48087649741,Autralian-owned banks,Mutual ADI,0,Australian Military Bank Ltd,Aust Military Bank,,Jun-18,$,31800000,0,0,179400000,86000000,1033400000,300000,0,0,1119700000,15348000,1346248000,936600000,0,302900000,1239500000,0,5000000,8305000,1252805000,91591000,1852000,0,93443000,,54899000,-26624000,28275000,0,580000,6270000,35125000,-12492000,-1547000,-747000,-12866000,-27652000,7473000,-2293000,5180000,,0.0006,0.0329,0.0254,,,,0.0172,0.0221,0.0411,0.0208,0.0297,0.1477,0.1477,0.1507,87043000,87043000,88790000,514903000,589345000,,,,,,,,0.0228,0.7872,0.0038,0.3068,,Y,Y,N/A,N/A,6,Y,
40087652060,Autralian-owned banks,Other Domestic Bank,0,Auswide Bank Ltd,Auswide,,Jun-18,$,92400000,0,0,271000000,103200000,2318300000,53400000,0,0,2474900000,511975000,3350275000,1988700000,257800000,104700000,2351200000,0,109000000,653333000,3113533000,29898000,15232000,191612000,236742000,,128933000,-67913000,61020000,0,6191081,9348000,70368000,-19427000,-1320000,-2682000,-13192000,-36621000,24399000,-7355000,17044000,,0.0188,0.0329,0.0228,,,,0.0154,0.0221,0.0426,0.0224,0.0274,0.1267,0.1267,0.1488,174300000,174300000,204700000,1204144000,1375400000,,,,,,,,0.0260,0.5204,0.0051,0.3014,,Y,Y,N/A,N,7,Y,
32087652088,Autralian-owned banks,Mutual ADI,0,B&E Ltd (trading as Bank of us),B&E (Bank of us),,Jun-18,$,54800000,0,0,74100000,18500000,659300000,22600000,0,0,700400000,11484441,840784441,634000000,0,129600000,763600000,0,0,7374309,770974309,65931646,3878486,0,69810132,,28325255,-13436973,14888282,0,2866851,2400653,20155786,-9315958,-61456,-748606,-7703612,-17829632,2326154,-739125,1587029,,0.0222,0.0329,0.0222,,,,0.0172,0.0221,0.0404,0.0176,0.0297,0.1719,0.1719,0.1753,67710000,67710000,69040000,350419163,393860166,,,,,,,,0.0195,0.8846,0.0019,0.3177,,Y,Y,N/A,N/A,8,Y,
21087651607,Autralian-owned banks,Mutual ADI,0,Bank Australia Limited,Bank Australia (mecu),,Jun-18,$,159600000,0,1027000,737100000,146600000,4233800000,274000000,26300000,1000000,4681700000,72603000,5652030000,4536000000,186200000,184100000,4906300000,208000,139800000,95548000,5141856000,484618000,25556000,0,510174000,,186210000,-103956000,82254000,0,20651000,16888000,119793000,-38692000,-594000,-3087000,-41158000,-83531000,36262000,-10160000,26102000,,0.0230,0.0329,0.0230,,,,0.0172,0.0221,0.0398,0.0212,0.0297,0.1664,0.1664,0.1664,474900000,474900000,474900000,2141779358,2853200000,,,,,,,,0.0168,0.6973,0.0046,0.2802,,Y,Y,N/A,Y,9,Y,
32009656740,Autralian-owned banks,Other Domestic Bank,0,Bank of Queensland Limited,BOQ,,Jun-18,$,508800000,1347100000,135000000,4473300000,169400000,27309400000,10031300000,676400000,0,38186500000,8329300000,52980000000,31523200000,4601600000,1026200000,37151000000,294000000,5583600000,6095400000,49124000000,400000000,38000000,3418000000,3856000000,,1927000000,-1104000000,823000000,0,142000000,156000000,1121000000,-273000000,-41000000,-78000000,-236000000,-628000000,493000000,-157000000,336000000,,0.0188,0.0329,0.0254,,,,0.0172,0.0221,0.0440,0.0177,0.0297,0.0930,0.1102,0.1285,2691000000,3191000000,3720000000,25963000000,28946000000,,,,,,,,0.0222,0.5602,0.0063,0.3185,,Y,Y,Y,Y,10,Y,Note 3.6(b)(iv) has loans by state
11068049178,Autralian-owned banks,Other Domestic Bank,0,Bendigo and Adelaide Bank Limited,BABL,,Jun-18,$,1217300000,4548300000,29700000,1124800000,2885200000,36240700000,13281500000,66700000,14800000,52488900000,12030800000,71439800000,43987000000,5509100000,1715700000,51211800000,34800000,3802000000,10770900000,65819500000,975900000,121100000,4523300000,5620300000,,2522500000,-1354400000,1168100000,122600000,14500000,338300000,1643500000,-497300000,-70600000,-47700000,-393400000,-1009000000,634500000,-200000000,434500000,,0.0188,0.0329,0.0254,,,,0.0172,0.0221,0.0440,0.0177,0.0297,0.0862,0.1096,0.1285,3297700000,4193600000,4916000000,34060100000,38256400000,,,"7,103","5,772",1.2306,,,0.0228,0.6139,0.0061,0.3152,,Y,Y,Y,Y,11,Y,Note 29 has loans by state
15087651143,Autralian-owned banks,Mutual ADI,0,Community CPS Australia Limited (trading as Beyond Bank Australia),Beyond Bank (CPS),,Jun-18,$,84800000,0,0,621600000,773800000,4058700000,141000000,77800000,0,5051300000,65360000,5823060000,4274700000,0,56400000,4331100000,0,949100000,55952000,5336152000,309789000,176512000,607000,486908000,,234012000,-109825000,124187000,0,15786909,22765000,146952000,-53932000,-4044000,-5613000,-48562000,-112151000,34801000,-9360000,25441000,,0.0188,0.0329,0.0254,,,,0.0172,0.0221,0.0463,0.0254,0.0297,0.1636,0.1636,0.1734,424400000,424400000,449900000,2594800000,2594900000,,,,,,,,0.0287,0.7632,0.0044,0.2690,,Y,Y,N/A,Y,12,Y,
57087651385,Autralian-owned banks,Mutual ADI,0,Defence Bank Limited,Defence Bank,,Jun-18,$,89600000,0,0,229400000,129800000,1815100000,200000,100000,0,1945200000,13626000,2277826000,1530600000,178000000,234700000,1943300000,0,146300000,18808000,2108408000,163732000,4701000,985000,169418000,,74972000,-37121000,37851000,0,6421000,8201000,52473000,-20173000,-237000,-1528000,-16574000,-38512000,13961000,-4167000,9794000,,0.0143,0.0329,0.0252,,,,0.0172,0.0221,0.0410,0.0184,0.0287,0.1438,0.1438,0.1482,154900000,154900000,159600000,964300000,1076900000,,,,,,,,0.0195,0.7339,0.0043,0.2985,,Y,Y,N/A,Requested,13,Y,
43087650011,Autralian-owned banks,Mutual ADI,0,Endeavour Mutual Bank Ltd,Endeavour,,Jun-18,$,72800000,0,0,76000000,19500000,446400000,900000,0,0,466800000,23650000,639250000,533600000,0,11500000,545100000,0,4000000,7426000,556526000,75857000,6867000,0,82724000,,23302000,-7746000,15556000,0,4077000,-1650000,17983000,-6662000,-227000,-602000,-7431000,-14922000,3061000,-855000,2206000,,0.0274,0.0329,0.0274,,,,0.0172,0.0221,0.0499,0.0142,0.0297,0.2526,0.2526,0.2583,77769000,77769000,79547000,213551190,307928000,,,,,,,,0.0285,0.8298,0.0035,0.2793,,Y,Y,N/A,Requested,14,Y,
72087650637,Autralian-owned banks,Mutual ADI,0,G&C Mutual Bank Limited,G&C,,Jun-18,$,73700000,0,36000,328300000,52400000,614700000,40700000,0,0,707800000,10844000,1120680000,662700000,144600000,142600000,949900000,0,40000000,26020000,1015920000,84978000,2420000,17362000,104760000,,31884000,-17009000,14875000,0,9837000,4203000,28915000,-9694000,-2035000,-875000,-9507000,-22111000,6804000,-2018000,4786000,,0.0245,0.0329,0.0245,,,,0.0172,0.0221,0.0450,0.0179,0.0297,0.1770,0.1770,0.1818,96000000,96000000,98600000,480600000,542300000,,,,,,,,0.0157,0.7647,0.0043,0.2966,,Y,Y,N/A,Requested,15,Y,
47087650093,Autralian-owned banks,Mutual ADI,0,Gateway Bank Ltd,Gateway,,Jun-18,$,60900000,0,0,107000000,101500000,789400000,1300000,0,0,892200000,4021000,1064121000,604800000,0,138100000,742900000,0,208300000,9377000,960577000,103505000,39000,0,103544000,,36006000,-19744000,16262000,0,3224000,1533000,21019000,-7624000,-828000,-477000,-8398000,-17327000,3692000,-1199000,2493000,,0.0072,0.0329,0.0270,,,,0.0172,0.0221,0.0412,0.0187,0.0305,0.1995,0.1995,0.2036,97600000,97600000,99600000,431500000,489300000,,,,,,,,0.0219,0.8243,0.0023,0.3248,,Y,Y,N/A,N/A,16,Y,Note 4(b) has loans by state
88087651956,Autralian-owned banks,Mutual ADI,0,Greater Bank Limited,Greater,,Jun-18,$,108600000,0,0,1156500000,105300000,5147200000,136200000,0,0,5388700000,57357000,6711157000,4989700000,421000000,329000000,5739700000,2700000,400000000,53633000,6196033000,494218000,20906000,0,515124000,,221523000,-117139000,104384000,0,39417000,26146000,169947000,-63511000,2000,-5086000,-52427000,-121022000,48925000,-14711000,34214000,,0.0312,0.0329,0.0312,,,,0.0172,0.0221,0.0411,0.0204,0.0297,0.1709,0.1709,0.1744,490997409,490997409,501052944,2521707000,2873010000,,,,,,,,0.0182,0.7121,0.0051,0.3007,,Y,Y,N/A,N,17,Y,
32087652024,Autralian-owned banks,Mutual ADI,0,Heritage Bank Limited,Heritage,,Jun-18,$,120800000,0,2917000,1112000000,331800000,6579300000,202400000,28100000,0,7141600000,1147046000,9524363000,6225000000,362100000,562700000,7149800000,711000,450000000,1390453000,8990964000,528025000,5374000,0,533399000,,335966000,-186508000,149458000,0,33691000,35104000,218253000,-78343000,-2756000,-12645000,-60296000,-154040000,64213000,-19172000,45041000,,0.0273,0.0329,0.0273,,,,0.0172,0.0221,0.0470,0.0261,0.0297,0.1270,0.1270,0.1411,490400000,490400000,545100000,3368000000,3862200000,,,,,,,,0.0209,0.7058,0.0047,0.2986,,Y,Y,N/A,N,18,Y,Note 5.1(b) has loans by state (p.26)
85051868556,Autralian-owned banks,Mutual ADI,0,Hume Bank Limited,Hume,,Jun-18,$,86900000,0,0,172600000,27800000,731300000,72500000,0,0,831600000,13010000,1104110000,1016300000,0,0,1016300000,0,0,12034000,1028334000,72282000,3494000,-0,75776000,,35821000,-15605000,20216000,0,5547000,5372000,31135000,-12432000,-247000,-802000,-11641000,-25122000,6013000,-1830000,4183000,,0.0104,0.0329,0.0235,,,,0.0172,0.0221,0.0447,0.0156,0.0706,0.1418,0.1418,0.1448,71750000,71750000,73270000,440094152,505839206,,,,,,,,0.0199,0.8069,0.0038,0.3043,,Y,Y,N/A,N,19,Y,
92087651974,Autralian-owned banks,Mutual ADI,0,IMB Ltd (trading as IMB Bank),IMB,,Jun-18,$,316500000,0,0,975200000,231600000,3791700000,216700000,0,0,4240000000,380482000,5912182000,4008800000,437400000,524800000,4971000000,0,206800000,390695000,5568495000,265752000,47421000,30514000,343687000,,197338000,-110529000,86809000,0,34536000,14085000,135430000,-50797000,-1235000,-3066000,-35148000,-90246000,45184000,-13623000,31561000,,0.0267,0.0329,0.0267,,,,0.0172,0.0221,0.0465,0.0222,0.0297,0.1291,0.1291,0.1610,324000000,324000000,404000000,2186958815,2508925999,,,,,,,,0.0175,0.6664,0.0053,0.3015,,Y,Y,N/A,N,20,Y,Note 30 has loans by state (p.82)
46008583542,Autralian-owned banks,Other Domestic Bank,0,Macquarie Bank Limited,Mac Bank,,Jun-18,$,5697900000,3338500000,12695000000,7710400000,3266900000,31733100000,7896500000,2068600000,44500000,45009600000,98766600000,173218000000,27088000000,522900000,21011900000,48622800000,11788000000,5255500000,94448700000,160115000000,2686000000,477000000,9940000000,13103000000,,4619000000,-2601000000,2018000000,1881000000,278000000,1986000000,6163000000,-1487000000,-69000000,-1026000000,-1428000000,-4010000000,2153000000,-570000000,1583000000,,0.0188,0.0329,0.0254,,,,0.0172,0.0221,0.0440,0.0177,0.0297,0.1030,0.1210,0.1400,9562520000,11235000000,12997600000,77274000000,92840000000,"201,416",0.0558,,,,,,0.0415,0.6507,0.0091,0.2647,,Y,Y,Y,Y,21,Y,Note 36.3 (p.119) has FX sensitivity
83087651054,Autralian-owned banks,Mutual ADI,0,Members Banking Group Limited (trading as RACQ Bank),RACQ Bank (QTMB),,Jun-18,$,46400000,0,0,202400000,45600000,1420500000,8300000,0,0,1474400000,413156000,2136356000,1299400000,128300000,32400000,1460100000,0,95700000,414417000,1970217000,147014823,19124177,0,166139000,,64750000,-26434000,38316000,0,5338521,9058000,47374000,-18815000,-616194,-1912147,-37105000,-55920000,-8546000,2563800,-8546000,,0.0188,0.0329,0.0264,,,,0.0172,0.0221,0.0439,0.0181,0.0297,0.1761,0.1761,0.1792,140673000,140673000,143173000,674507014,798784000,,,,,,,,0.0262,1.1804,-0.0040,0.3000,,Y,Y,N/A,N,22,N,
56070887679,Autralian-owned banks,Mutual ADI,0,Members Equity Bank Limited,ME Bank,,Jun-18,$,283800000,0,1005000,3176600000,323900000,19787800000,0,32900000,0,20144600000,4330744000,27936749000,13265400000,1847000000,5041900000,20154300000,11572000,2123500000,4241207000,26530579000,377129000,22759000,1006282000,1406170000,,1164552000,-848311000,316241000,0,80872000,28090000,425203000,-123416000,-8159000,-22898000,-143141000,-297614000,127589000,-38533000,89056000,,0.0234,0.0329,0.0255,,,,0.0172,0.0221,0.0497,0.0177,0.0297,0.0973,0.1168,0.1507,990000000,1188400000,1533000000,8765900000,10170600000,,,"3,991","3,091",1.2910,0.9930,,0.0157,0.6999,0.0032,0.3020,,Y,Y,N/A,N,23,Y,
89067729195,Autralian-owned banks,Mutual ADI,0,MyState Bank Limited,MyState,,Jun-18,$,46300000,0,0,410700000,119400000,3055500000,72500000,69800000,0,3317200000,1399131000,5173331000,3182600000,399700000,42800000,3625100000,0,34900000,1192669000,4852669000,170568000,4714000,145380000,320662000,,177869000,-97435000,80434000,0,10395000,35510000,126339000,-38196000,-455000,-5995000,-36704000,-81350000,44989000,-13528000,31461000,,0.0227,0.0329,0.0253,,,,0.0172,0.0221,0.0536,0.0269,0.0297,0.1151,0.1151,0.1347,198300000,198300000,232000000,1504400000,1722200000,,,,,,,,0.0222,0.6439,0.0061,0.3007,,Y,Y,N/A,N,24,Y,
95087650799,Autralian-owned banks,Mutual ADI,0,Police Bank Ltd (trading as Border Bank),Police Bank (Border Bank),,Jun-18,$,85100000,0,0,201900000,154100000,1441100000,1700000,0,0,1596900000,26997943,1910897943,1579100000,75600000,19700000,1674400000,0,15000000,21251387,1710651387,150198807,48301192,1746557,200246556,,67054428,-31087645,35966783,0,7503206,4153213,47623202,-20346724,-655419,-2268900,-19746086,-43017129,4606073,-3670624,935449,,0.0261,0.0329,0.0261,,,,0.0172,0.0221,0.0420,0.0186,0.0297,0.1906,0.1906,0.1939,185500000,185500000,188700000,841400000,973200000,,,,,,,,0.0215,0.9033,0.0005,0.7969,,Y,Y,N/A,N,25,Y,Note 10(c) has loans by state (p.49)
33087651661,Autralian-owned banks,Mutual ADI,0,Police Financial Services Limited (trading as BankVic),BankVic,,Jun-18,$,47200000,0,0,334600000,55000000,1384000000,300000,3400000,0,1442700000,5817000,1830317000,1483300000,0,111400000,1594700000,0,37200000,20785000,1652685000,161504000,16128000,0,177632000,,58942000,-26430000,32512000,0,8869000,10798000,52179000,-16271000,-194000,-17805000,0,-34270000,17909000,-5272000,12637000,,0.0232,0.0329,0.0232,,,,0.0172,0.0221,0.0409,0.0166,0.0297,0.1964,0.1964,0.1971,173000000,173000000,173600000,773700000,880700000,,,,,,,,0.0204,0.6568,0.0069,0.2944,,Y,Y,N/A,Requested,26,Y,
69087651876,Autralian-owned banks,Mutual ADI,0,Police & Nurses Limited (trading as P&N Bank),P&N,,Jun-18,$,151000000,0,112000,382900000,73200000,3081300000,55300000,0,0,3209800000,405398000,4149210000,2589900000,319900000,379900000,3289700000,206000,188300000,385189000,3863395000,61884000,223342000,589000,285815000,,140369000,-81380000,58989000,0,13369000,18508000,90866000,-32871000,-3287000,-5059000,-32866000,-74083000,16783000,-4680000,12103000,,0.0250,0.0329,0.0259,,,,0.0172,0.0221,0.0405,0.0223,0.0203,0.1505,0.1505,0.1544,254300000,254300000,261000000,1475600000,1689900000,,,,,,,,0.0179,0.8153,0.0029,0.2789,,Y,Y,N/A,Y,27,Y,
79087651036,Autralian-owned banks,Mutual ADI,0,QPCU Limited (trading as QBANK),QBANK,,Jun-18,$,21800000,0,0,103500000,26700000,667300000,1100000,0,0,695100000,19311000,839711000,573000000,130000000,28800000,731800000,16000,20000000,9640000,761456000,71739000,6137000,379000,78255000,,29908000,-15321000,14587000,0,2669000,4793000,22049000,-6913000,-25000,-961000,-9543000,-17442000,4607000,-1169000,3438000,,0.0213,0.0329,0.0213,,,,0.0172,0.0221,0.0430,0.0209,0.0297,0.1949,0.1949,0.1992,73663000,73663000,75291000,328255290,377970770,,,,,,,,0.0199,0.7911,0.0041,0.2537,,Y,Y,N/A,N,28,Y,
53087650557,Autralian-owned banks,Mutual ADI,0,Qudos Mutual Ltd (trading as Qudos Bank),Qudos,,Jun-18,$,93600000,0,4000,601900000,74500000,2973100000,0,0,0,3047600000,20239000,3763343000,3362800000,66800000,0,3429600000,384000,50100000,27310000,3507394000,241763000,14186000,0,255949000,,127817000,-75706000,52111000,0,14117000,10313000,76541000,-18642000,-484000,-2956000,-52406000,-74488000,2053000,-650000,1403000,,0.0203,0.0329,0.0203,,,,0.0172,0.0221,0.0419,0.0221,0.0297,0.1382,0.1382,0.1433,229930000,229930000,238470000,1450800000,1663960000,,,,,,,,0.0152,0.9732,0.0004,0.3166,,Y,Y,N/A,N,29,Y,
21087650360,Autralian-owned banks,Mutual ADI,0,Regional Australia Bank Ltd,RAB (Community Mutual),,Jun-18,$,75000000,0,0,165100000,84000000,936200000,123700000,2900000,0,1146800000,17047000,1403947000,1240100000,0,28500000,1268600000,0,0,18287000,1286887000,106477000,1454000,9129000,117060000,,59828000,-21129000,38699000,0,4695000,2487000,45881000,-16887000,-736000,-1454000,-13889000,-32966000,12915000,-3723000,9192000,,0.0196,0.0329,0.0196,,,,0.0172,0.0221,0.0522,0.0167,0.0297,0.1567,0.1567,0.1611,109943000,109943000,113028000,637495000,701669000,,,,,,,,0.0305,0.7185,0.0065,0.2883,,Y,Y,N/A,N,30,Y,
74083938416,Autralian-owned banks,N/A - Regional Bank,0,Rural Bank Limited (a subsidiary of Bendigo and Adelaide Bank Limited),Rural Bank,,Jun-18,$m,66800000,0,0,517400000,0,0,4363400000,0,0,4363400000,-4947600000,0,2807600000,683500000,556300000,4047400000,0,212500000,0,0,0,0,0,0,,0,0,0,0,0,0,0,0,0,0,0,0,0,0,0,,0.0188,0.0329,0.0254,,,,0.0172,0.0221,0.0440,0.0177,0.0297,,,,0,0,0,0,0,,,,,,,,0.0000,0.0000,0.0000,0.0000,,BABL,Y,BABL,BABL,31,Consol with BABL,
66010831722,Autralian-owned banks,Other Domestic Bank,0,Suncorp-Metway Limited,Suncorp,,Jun-18,$,884100000,1639500000,224000000,4058400000,179800000,41630700000,11465000000,100400000,0,53375900000,5923100000,66105000000,31686500000,5166300000,6112400000,42965200000,158000000,7211500000,11901300000,62236000000,969000000,-298000000,3198000000,3869000000,,2353000000,-1347000000,1006000000,32000000,143000000,60000000,1241000000,-365000000,-27000000,-58000000,-297000000,-747000000,494000000,-148000000,346000000,,0.0188,0.0329,0.0254,,,,0.0172,0.0221,0.0440,0.0177,0.0297,0.0901,0.1070,0.1346,2935000000,3485000000,4384000000,27234000000,32563000000,,,"8,705","6,886",1.2642,,,0.0234,0.6019,0.0052,0.2996,,Y,Y,Y,Y,32,Y,
30087650459,Autralian-owned banks,Mutual ADI,0,"Teachers Mutual Bank Limited (trading as Firefighters Mutual Bank, Teachers Mutual Bank and UniBank)",Teachers MB,,Jun-18,$,70900000,0,818000,938700000,612200000,5380100000,400000,0,0,5992700000,65998000,7069116000,5527100000,354700000,377900000,6259700000,519000,200000000,82833000,6543052000,511252000,14812000,0,526064000,,244863000,-126177000,118686000,0,27704000,34497000,180887000,-65684000,-2697000,-7286000,-60090000,-135757000,45130000,-13388000,31742000,,0.0274,0.0329,0.0274,,,,0.0172,0.0221,0.0409,0.0202,0.0297,0.1463,0.1463,0.1565,484697245,484697245,518464776,2959731875,3312411591,,,,,,,,0.0190,0.7505,0.0045,0.2967,,Y,Y,N/A,N,33,Y,Note 15(b) has loans by state (p.49)
49103575042,Autralian-owned banks,N/A - excluded from model,0,Tyro Payments Limited,Tyro,,,,0,0,0,0,0,0,0,0,0,0,0,0,0,0,0,0,0,0,0,0,0,0,0,0,,0,0,0,0,0,0,0,0,0,0,0,0,0,0,0,,0.0188,0.0329,0.0254,,,,0.0172,0.0221,0.0440,0.0177,0.0297,,,,0,0,0,0,0,,,,,,,,0.0000,0.0000,0.0000,0.0000,,,,,,34,,
11087650315,Autralian-owned banks,Mutual ADI,0,Unity Bank Limited,Unity Bank,,Jun-18,$,73500000,0,0,123600000,69700000,795200000,11700000,0,1800000,878400000,15005000,1090505000,739600000,0,237600000,977200000,0,0,12561000,989761000,90634000,10110000,0,100744000,,41368000,-16226000,25142000,0,4935000,5610000,35687000,-15362000,-1384000,-1636000,-12465000,-30847000,4840000,-689000,4151000,,0.0250,0.0329,0.0250,,,,0.0172,0.0221,0.0471,0.0166,0.0297,0.1667,0.1663,0.1712,92200000,92000000,94700000,470200000,553200000,,,,,,,,0.0257,0.8644,0.0038,0.1424,,Y,Y,N/A,Requested,35,Y,Note 7(c)(iii) has loans by state (p.42)
44087651769,Autralian-owned banks,Mutual ADI,0,Victoria Teachers Limited (trading as Bank First),Vic Teachers (Bank First),,Jun-18,$,41100000,0,0,468200000,77700000,1857800000,7400000,5700000,0,1948600000,50101000,2508001000,2160600000,23600000,96500000,2280700000,156000,0,24127000,2304983000,179648700,23369300,0,203018000,,82180000,-40688000,41492000,0,11444000,11086000,64022000,-25524000,-367000,-2017000,-19352000,-47260000,16762000,-5025000,11737000,,0.0225,0.0329,0.0225,,,,0.0172,0.0221,0.0422,0.0178,0.0297,0.1502,0.1502,0.1558,191878000,191878000,199042000,1057231000,1277894000,,,,,,,,0.0182,0.7382,0.0047,0.2998,,Y,Y,N/A,Requested,36,Y,
37002950745,Foreign subsidiary banks,Foreign Bank,0,Arab Bank Australia Limited,Arab Bank,,Jun-18,$,58600000,0,0,226400000,47900000,310200000,250100000,0,0,608200000,79508000,972708000,568200000,21500000,114200000,703900000,0,19600000,98115000,821615000,50638000,6141000,94314000,151093000,,39723000,-19201000,20522000,0,733000,2580000,23835000,-13537000,338000,-1094000,-9455000,-23748000,87000,-330000,-243000,,0.0000,0.0329,0.0254,,,,0.0106,0.0221,0.0517,0.0216,0.0232,0.2244,0.2244,0.2767,132777480,132777480,163723390,522800000,591700000,"1,124",0.1181,,,,,,0.0292,0.9963,-0.0002,3.7931,,Y,Y,Y,Y,37,Y,
28110077622,Foreign subsidiary banks,N/A - Foreign Bank,0,Bank of China (Australia) Limited,BOC Australia,,Jun-18,$m,240000000,0,0,342000000,15100000,1229800000,134800000,0,0,1379700000,-1961700000,0,1318300000,0,0,1318300000,0,0,-1318300000,0,0,0,0,0,,0,0,0,0,0,0,0,0,0,0,0,0,0,0,0,,0.0188,0.0329,0.0254,,,,0.0172,0.0221,0.0440,0.0177,0.0297,0.1150,0.1470,0.1890,108387500,138547500,178132500,841100000,942500000,,,,,,,,0.0000,0.0000,0.0000,0.0000,,Global,Y,Y,N,38,N,
44093488629,Foreign subsidiary banks,Foreign Bank,0,Bank of Sydney Ltd,Bank of Sydney,,Jun-18,$,50500000,0,3361000,439000000,30000000,908400000,686900000,100000,0,1625400000,-13770000,2104491000,1504100000,0,221800000,1725900000,120000,79900000,30329000,1836249000,60553000,7688000,200001000,268242000,,75279000,-36955000,38324000,0,15132000,-6221000,47235000,-18527000,177000,-1653000,-11453000,-31456000,15779000,-4773000,11006000,,0.0188,0.0329,0.0254,,,,0.0172,0.0221,0.0440,0.0177,0.0297,0.2096,0.2096,0.2165,254580160,254580160,262960900,1097100000,1214600000,,,,,,,,0.0222,0.6659,0.0052,0.3025,,Y,Y,Y,Y,39,Y,
88004325080,Foreign subsidiary banks,N/A - Foreign Bank,0,Citigroup Pty Limited,Citigroup,,Jun-18,$m,250600000,0,0,1569200000,5893600000,6956800000,624900000,21400000,100000,13496800000,-15316600000,0,5929000000,0,955800000,6884800000,0,760000000,-7644800000,0,0,0,0,0,,0,0,0,0,0,0,0,0,0,0,0,0,0,0,0,,0.0188,0.0329,0.0254,,,,0.0172,0.0221,0.0440,0.0177,0.0297,,,,0,0,0,0,0,,,,,,,,0.0000,0.0000,0.0000,0.0000,,N,N,N,N,40,N,
48006434162,Foreign subsidiary banks,Foreign Bank,0,HSBC Bank Australia Limited,HSBC,,Jun-18,$,1964000000,0,79300000,7446200000,999000000,13851900000,4153600000,172300000,0,19176800000,3581800000,32248100000,17549900000,416800000,2004300000,19971000000,72600000,2196300000,7771200000,30011100000,1172100000,253900000,811000000,2237000000,,865600000,-298600000,567000000,65700000,144500000,253900000,1031100000,-293700000,-33800000,-7000000,-286700000,-621200000,409900000,-121600000,288300000,,0.0188,0.0329,0.0254,,,,0.0172,0.0221,0.0440,0.0177,0.0297,0.1030,0.1170,0.1370,1789686800,2032945200,2380457200,15299700000,17375600000,,,,,,,,0.0284,0.6025,0.0089,0.2967,,Y,Y,Y,N,41,Y,
24000893292,Foreign subsidiary banks,Foreign Bank,0,ING Bank (Australia) Limited (trading as ING),ING,,Jun-18,$,952800000,0,28000000,3729900000,18000000,45530500000,8637000000,127800000,0,54313300000,-880000000,58144000000,35105500000,489100000,5259600000,40854200000,340000000,3666200000,9180600000,54041000000,2646000000,123000000,1334000000,4103000000,,1963000000,-1263000000,700000000,0,113000000,46000000,859000000,-165562027,-11000000,4072770,-348000000,-359000000,500000000,-152000000,348000000,,0.0188,0.0329,0.0254,,,,0.0172,0.0221,0.0440,0.0177,0.0297,0.1206,0.1206,0.1218,3989000000,3989000000,4028778600,27054000000,33077000000,"63,837",0.0625,,,,,,0.0171,0.4179,0.0060,0.3040,,Y,Y,N,N,42,Y,
50001621129,Foreign subsidiary banks,N/A - Foreign Bank,0,Rabobank Australia Limited,Rabobank,,Jun-18,$m,541,0,,1559,0,126,15757,46,0,15929,-18029,,7990,0,3831,11820,,0,-11820,,,,0,0,,,,0,,,0,,,,,0,,0,,0,,0.0188,0.0329,0.0254,,,,0.0172,0.0221,0.0440,0.0177,0.0297,0.1285,0.1285,0.1392,2223,2223,2408,16183,17300,,,"1,551","1,224",1.2672,,,0.0000,0.0000,0.0000,0.0000,,Y,Y,Y,N,43,N,
,Branches of foreign banks,N/A - excluded from model,0,Agricultural Bank of China Limited,ABOC,,,,,,,,,,,,,,,,,,,,,,,,,,,,,,,,,,,,,,,,,,,,,0.0188,0.0329,0.0254,,,,0.0172,0.0221,0.0440,0.0177,0.0297,,,,,,,,,,,,,,,,0.0000,0.0000,0.0000,0.0000,,,,,,44,,
,Branches of foreign banks,N/A - excluded from model,0,ABN Amro Bank N.V.,ABN Amro,,,,,,,,,,,,,,,,,,,,,,,,,,,,,,,,,,,,,,,,,,,,,0.0188,0.0329,0.0254,,,,0.0172,0.0221,0.0440,0.0177,0.0297,,,,,,,,,,,,,,,,0.0000,0.0000,0.0000,0.0000,,,,,,45,,
,Branches of foreign banks,N/A - excluded from model,0,"Bank of America, National Association",BoA,,,,,,,,,,,,,,,,,,,,,,,,,,,,,,,,,,,,,,,,,,,,,0.0188,0.0329,0.0254,,,,0.0172,0.0221,0.0440,0.0177,0.0297,,,,,,,,,,,,,,,,0.0000,0.0000,0.0000,0.0000,,,,,,46,,
,Branches of foreign banks,N/A - excluded from model,0,Bank of Baroda,Bank of Baroda,,,,,,,,,,,,,,,,,,,,,,,,,,,,,,,,,,,,,,,,,,,,,0.0188,0.0329,0.0254,,,,0.0172,0.0221,0.0440,0.0177,0.0297,,,,,,,,,,,,,,,,0.0000,0.0000,0.0000,0.0000,,,,,,47,,
,Branches of foreign banks,N/A - excluded from model,0,Bank of China Limited,BOC,,,,,,,,,,,,,,,,,,,,,,,,,,,,,,,,,,,,,,,,,,,,,0.0188,0.0329,0.0254,,,,0.0172,0.0221,0.0440,0.0177,0.0297,,,,,,,,,,,,,,,,0.0000,0.0000,0.0000,0.0000,,,,,,48,,
,Branches of foreign banks,N/A - excluded from model,0,"Bank of Communications Co., Ltd.",Bank of Communications,,,,,,,,,,,,,,,,,,,,,,,,,,,,,,,,,,,,,,,,,,,,,0.0188,0.0329,0.0254,,,,0.0172,0.0221,0.0440,0.0177,0.0297,,,,,,,,,,,,,,,,0.0000,0.0000,0.0000,0.0000,,,,,,49,,
,Branches of foreign banks,N/A - excluded from model,0,Bank of Taiwan,Bank of Taiwan,,,,,,,,,,,,,,,,,,,,,,,,,,,,,,,,,,,,,,,,,,,,,0.0188,0.0329,0.0254,,,,0.0172,0.0221,0.0440,0.0177,0.0297,,,,,,,,,,,,,,,,0.0000,0.0000,0.0000,0.0000,,,,,,50,,
,Branches of foreign banks,N/A - excluded from model,0,BNP Paribas,BNP Paribas,,,,,,,,,,,,,,,,,,,,,,,,,,,,,,,,,,,,,,,,,,,,,0.0188,0.0329,0.0254,,,,0.0172,0.0221,0.0440,0.0177,0.0297,,,,,,,,,,,,,,,,0.0000,0.0000,0.0000,0.0000,,,,,,51,,
,Branches of foreign banks,N/A - excluded from model,0,BNP Paribas Securities Services,BNP Paribas,,,,,,,,,,,,,,,,,,,,,,,,,,,,,,,,,,,,,,,,,,,,,0.0188,0.0329,0.0254,,,,0.0172,0.0221,0.0440,0.0177,0.0297,,,,,,,,,,,,,,,,0.0000,0.0000,0.0000,0.0000,,,,,,52,,
,Branches of foreign banks,N/A - excluded from model,0,Canadian Imperial Bank of Commerce,Canadian Imperial,,,,,,,,,,,,,,,,,,,,,,,,,,,,,,,,,,,,,,,,,,,,,0.0188,0.0329,0.0254,,,,0.0172,0.0221,0.0440,0.0177,0.0297,,,,,,,,,,,,,,,,0.0000,0.0000,0.0000,0.0000,,,,,,53,,
,Branches of foreign banks,N/A - excluded from model,0,China Construction Bank Corporation,China Construction Bank,,,,,,,,,,,,,,,,,,,,,,,,,,,,,,,,,,,,,,,,,,,,,0.0188,0.0329,0.0254,,,,0.0172,0.0221,0.0440,0.0177,0.0297,,,,,,,,,,,,,,,,0.0000,0.0000,0.0000,0.0000,,,,,,54,,
,Branches of foreign banks,N/A - excluded from model,0,"China Merchants Bank Co., Ltd",China Merchants Bank,,,,,,,,,,,,,,,,,,,,,,,,,,,,,,,,,,,,,,,,,,,,,0.0188,0.0329,0.0254,,,,0.0172,0.0221,0.0440,0.0177,0.0297,,,,,,,,,,,,,,,,0.0000,0.0000,0.0000,0.0000,,,,,,55,,
,Branches of foreign banks,N/A - excluded from model,0,"Citibank, N.A.",Citibank,,,,,,,,,,,,,,,,,,,,,,,,,,,,,,,,,,,,,,,,,,,,,0.0188,0.0329,0.0254,,,,0.0172,0.0221,0.0440,0.0177,0.0297,,,,,,,,,,,,,,,,0.0000,0.0000,0.0000,0.0000,,,,,,56,,
,Branches of foreign banks,N/A - excluded from model,0,Cooperatieve Rabobank U.A. (trading as Rabobank),Rabobank,,,,,,,,,,,,,,,,,,,,,,,,,,,,,,,,,,,,,,,,,,,,,0.0188,0.0329,0.0254,,,,0.0172,0.0221,0.0440,0.0177,0.0297,,,,,,,,,,,,,,,,0.0000,0.0000,0.0000,0.0000,,,,,,57,,
,Branches of foreign banks,N/A - excluded from model,0,Credit Suisse AG,Credit Suisse,,,,,,,,,,,,,,,,,,,,,,,,,,,,,,,,,,,,,,,,,,,,,0.0188,0.0329,0.0254,,,,0.0172,0.0221,0.0440,0.0177,0.0297,,,,,,,,,,,,,,,,0.0000,0.0000,0.0000,0.0000,,,,,,58,,
,Branches of foreign banks,N/A - excluded from model,0,DBS Bank Ltd,DBS Bank,,,,,,,,,,,,,,,,,,,,,,,,,,,,,,,,,,,,,,,,,,,,,0.0188,0.0329,0.0254,,,,0.0172,0.0221,0.0440,0.0177,0.0297,,,,,,,,,,,,,,,,0.0000,0.0000,0.0000,0.0000,,,,,,59,,
,Branches of foreign banks,N/A - excluded from model,0,Deutsche Bank Aktiengessellschaft,Deutsche Bank,,,,,,,,,,,,,,,,,,,,,,,,,,,,,,,,,,,,,,,,,,,,,0.0188,0.0329,0.0254,,,,0.0172,0.0221,0.0440,0.0177,0.0297,,,,,,,,,,,,,,,,0.0000,0.0000,0.0000,0.0000,,,,,,60,,
,Branches of foreign banks,N/A - excluded from model,0,"E.SUN Commercial Bank, Ltd.",E.SUN Commercial Bank,,,,,,,,,,,,,,,,,,,,,,,,,,,,,,,,,,,,,,,,,,,,,0.0188,0.0329,0.0254,,,,0.0172,0.0221,0.0440,0.0177,0.0297,,,,,,,,,,,,,,,,0.0000,0.0000,0.0000,0.0000,,,,,,61,,
,Branches of foreign banks,N/A - excluded from model,0,First Commercial Bank,First Commercial,,,,,,,,,,,,,,,,,,,,,,,,,,,,,,,,,,,,,,,,,,,,,0.0188,0.0329,0.0254,,,,0.0172,0.0221,0.0440,0.0177,0.0297,,,,,,,,,,,,,,,,0.0000,0.0000,0.0000,0.0000,,,,,,62,,
,Branches of foreign banks,N/A - excluded from model,0,"Hua Nan Commercial Bank, Ltd",Hua Nan Commercial Bank,,,,,,,,,,,,,,,,,,,,,,,,,,,,,,,,,,,,,,,,,,,,,0.0188,0.0329,0.0254,,,,0.0172,0.0221,0.0440,0.0177,0.0297,,,,,,,,,,,,,,,,0.0000,0.0000,0.0000,0.0000,,,,,,63,,
,Branches of foreign banks,N/A - excluded from model,0,Industrial and Commercial Bank of China Limited,ICBC,,,,,,,,,,,,,,,,,,,,,,,,,,,,,,,,,,,,,,,,,,,,,0.0188,0.0329,0.0254,,,,0.0172,0.0221,0.0440,0.0177,0.0297,,,,,,,,,,,,,,,,0.0000,0.0000,0.0000,0.0000,,,,,,64,,
,Branches of foreign banks,N/A - excluded from model,0,ING Bank N.V.,ING,,,,,,,,,,,,,,,,,,,,,,,,,,,,,,,,,,,,,,,,,,,,,0.0188,0.0329,0.0254,,,,0.0172,0.0221,0.0440,0.0177,0.0297,,,,,,,,,,,,,,,,0.0000,0.0000,0.0000,0.0000,,,,,,65,,
,Branches of foreign banks,N/A - excluded from model,0,"JPMorgan Chase Bank, National Association",JPMorgan Chase,,,,,,,,,,,,,,,,,,,,,,,,,,,,,,,,,,,,,,,,,,,,,0.0188,0.0329,0.0254,,,,0.0172,0.0221,0.0440,0.0177,0.0297,,,,,,,,,,,,,,,,0.0000,0.0000,0.0000,0.0000,,,,,,66,,
,Branches of foreign banks,N/A - excluded from model,0,KEB HANA Bank,KEB HANA,,,,,,,,,,,,,,,,,,,,,,,,,,,,,,,,,,,,,,,,,,,,,0.0188,0.0329,0.0254,,,,0.0172,0.0221,0.0440,0.0177,0.0297,,,,,,,,,,,,,,,,0.0000,0.0000,0.0000,0.0000,,,,,,67,,
,Branches of foreign banks,N/A - excluded from model,0,"Mega International Commercial Bank Co., Ltd.",Mega International Commercial Bank,,,,,,,,,,,,,,,,,,,,,,,,,,,,,,,,,,,,,,,,,,,,,0.0188,0.0329,0.0254,,,,0.0172,0.0221,0.0440,0.0177,0.0297,,,,,,,,,,,,,,,,0.0000,0.0000,0.0000,0.0000,,,,,,68,,
,Branches of foreign banks,N/A - excluded from model,0,"Mizuho Bank, Ltd.",Mizuho Bank,,,,,,,,,,,,,,,,,,,,,,,,,,,,,,,,,,,,,,,,,,,,,0.0188,0.0329,0.0254,,,,0.0172,0.0221,0.0440,0.0177,0.0297,,,,,,,,,,,,,,,,0.0000,0.0000,0.0000,0.0000,,,,,,69,,
,Branches of foreign banks,N/A - excluded from model,0,"MUFG Bank, Ltd.",MUFG Bank,,,,,,,,,,,,,,,,,,,,,,,,,,,,,,,,,,,,,,,,,,,,,0.0188,0.0329,0.0254,,,,0.0172,0.0221,0.0440,0.0177,0.0297,,,,,,,,,,,,,,,,0.0000,0.0000,0.0000,0.0000,,,,,,70,,
,Branches of foreign banks,N/A - excluded from model,0,Oversea-Chinese Banking Corporation Limited,Oversea-Chinese,,,,,,,,,,,,,,,,,,,,,,,,,,,,,,,,,,,,,,,,,,,,,0.0188,0.0329,0.0254,,,,0.0172,0.0221,0.0440,0.0177,0.0297,,,,,,,,,,,,,,,,0.0000,0.0000,0.0000,0.0000,,,,,,71,,
,Branches of foreign banks,N/A - excluded from model,0,Royal Bank of Canada,Royal Bank of Canada,,,,,,,,,,,,,,,,,,,,,,,,,,,,,,,,,,,,,,,,,,,,,0.0188,0.0329,0.0254,,,,0.0172,0.0221,0.0440,0.0177,0.0297,,,,,,,,,,,,,,,,0.0000,0.0000,0.0000,0.0000,,,,,,72,,
,Branches of foreign banks,N/A - excluded from model,0,"Shinhan Bank Co., Ltd",Shinan,,,,,,,,,,,,,,,,,,,,,,,,,,,,,,,,,,,,,,,,,,,,,0.0188,0.0329,0.0254,,,,0.0172,0.0221,0.0440,0.0177,0.0297,,,,,,,,,,,,,,,,0.0000,0.0000,0.0000,0.0000,,,,,,73,,
,Branches of foreign banks,N/A - excluded from model,0,Standard Chartered Bank,Standard Chartered,,,,,,,,,,,,,,,,,,,,,,,,,,,,,,,,,,,,,,,,,,,,,0.0188,0.0329,0.0254,,,,0.0172,0.0221,0.0440,0.0177,0.0297,,,,,,,,,,,,,,,,0.0000,0.0000,0.0000,0.0000,,,,,,74,,
,Branches of foreign banks,N/A - excluded from model,0,State Bank of India,State Bank of India,,,,,,,,,,,,,,,,,,,,,,,,,,,,,,,,,,,,,,,,,,,,,0.0188,0.0329,0.0254,,,,0.0172,0.0221,0.0440,0.0177,0.0297,,,,,,,,,,,,,,,,0.0000,0.0000,0.0000,0.0000,,,,,,75,,
,Branches of foreign banks,N/A - excluded from model,0,State Street Bank and Trust Company,State Street,,,,,,,,,,,,,,,,,,,,,,,,,,,,,,,,,,,,,,,,,,,,,0.0188,0.0329,0.0254,,,,0.0172,0.0221,0.0440,0.0177,0.0297,,,,,,,,,,,,,,,,0.0000,0.0000,0.0000,0.0000,,,,,,76,,
,Branches of foreign banks,N/A - excluded from model,0,Sumitomo Mitsui Banking Corporation,Sumitomo Mitsui,,,,,,,,,,,,,,,,,,,,,,,,,,,,,,,,,,,,,,,,,,,,,0.0188,0.0329,0.0254,,,,0.0172,0.0221,0.0440,0.0177,0.0297,,,,,,,,,,,,,,,,0.0000,0.0000,0.0000,0.0000,,,,,,77,,
,Branches of foreign banks,N/A - excluded from model,0,"Taishin International Bank Co., Ltd",Taishin International,,,,,,,,,,,,,,,,,,,,,,,,,,,,,,,,,,,,,,,,,,,,,0.0188,0.0329,0.0254,,,,0.0172,0.0221,0.0440,0.0177,0.0297,,,,,,,,,,,,,,,,0.0000,0.0000,0.0000,0.0000,,,,,,78,,
,Branches of foreign banks,N/A - excluded from model,0,"Taiwan Business Bank, Ltd",Taiwan Business Bank,,,,,,,,,,,,,,,,,,,,,,,,,,,,,,,,,,,,,,,,,,,,,0.0188,0.0329,0.0254,,,,0.0172,0.0221,0.0440,0.0177,0.0297,,,,,,,,,,,,,,,,0.0000,0.0000,0.0000,0.0000,,,,,,79,,
,Branches of foreign banks,N/A - excluded from model,0,"Taiwan Cooperative Bank, Ltd",Taiwan Cooperative Bank,,,,,,,,,,,,,,,,,,,,,,,,,,,,,,,,,,,,,,,,,,,,,0.0188,0.0329,0.0254,,,,0.0172,0.0221,0.0440,0.0177,0.0297,,,,,,,,,,,,,,,,0.0000,0.0000,0.0000,0.0000,,,,,,80,,
,Branches of foreign banks,N/A - excluded from model,0,The Bank of New York Mellon,BNY Mellon,,,,,,,,,,,,,,,,,,,,,,,,,,,,,,,,,,,,,,,,,,,,,0.0188,0.0329,0.0254,,,,0.0172,0.0221,0.0440,0.0177,0.0297,,,,,,,,,,,,,,,,0.0000,0.0000,0.0000,0.0000,,,,,,81,,
,Branches of foreign banks,N/A - excluded from model,0,The Bank of Nova Scotia,Bank of Nova Scotia,,,,,,,,,,,,,,,,,,,,,,,,,,,,,,,,,,,,,,,,,,,,,0.0188,0.0329,0.0254,,,,0.0172,0.0221,0.0440,0.0177,0.0297,,,,,,,,,,,,,,,,0.0000,0.0000,0.0000,0.0000,,,,,,82,,
,Branches of foreign banks,N/A - excluded from model,0,The Hongkong and Shanghai Banking Corporation Limited,HSBC,,,,,,,,,,,,,,,,,,,,,,,,,,,,,,,,,,,,,,,,,,,,,0.0188,0.0329,0.0254,,,,0.0172,0.0221,0.0440,0.0177,0.0297,,,,,,,,,,,,,,,,0.0000,0.0000,0.0000,0.0000,,,,,,83,,
,Branches of foreign banks,N/A - excluded from model,0,The Northern Trust Company,Northern Trust,,,,,,,,,,,,,,,,,,,,,,,,,,,,,,,,,,,,,,,,,,,,,0.0188,0.0329,0.0254,,,,0.0172,0.0221,0.0440,0.0177,0.0297,,,,,,,,,,,,,,,,0.0000,0.0000,0.0000,0.0000,,,,,,84,,
,Branches of foreign banks,N/A - excluded from model,0,UBS AG,UBS,,,,,,,,,,,,,,,,,,,,,,,,,,,,,,,,,,,,,,,,,,,,,0.0188,0.0329,0.0254,,,,0.0172,0.0221,0.0440,0.0177,0.0297,,,,,,,,,,,,,,,,0.0000,0.0000,0.0000,0.0000,,,,,,85,,
,Branches of foreign banks,N/A - excluded from model,0,Union Bank of India,Union Bank of India,,,,,,,,,,,,,,,,,,,,,,,,,,,,,,,,,,,,,,,,,,,,,0.0188,0.0329,0.0254,,,,0.0172,0.0221,0.0440,0.0177,0.0297,,,,,,,,,,,,,,,,0.0000,0.0000,0.0000,0.0000,,,,,,86,,
,Branches of foreign banks,N/A - excluded from model,0,United Overseas Bank Limited,United Overseas Bank,,,,,,,,,,,,,,,,,,,,,,,,,,,,,,,,,,,,,,,,,,,,,0.0188,0.0329,0.0254,,,,0.0172,0.0221,0.0440,0.0177,0.0297,,,,,,,,,,,,,,,,0.0000,0.0000,0.0000,0.0000,,,,,,87,,
,Branches of foreign banks,N/A - excluded from model,0,Woori Bank,Woori Bank,,,,,,,,,,,,,,,,,,,,,,,,,,,,,,,,,,,,,,,,,,,,,0.0188,0.0329,0.0254,,,,0.0172,0.0221,0.0440,0.0177,0.0297,,,,,,,,,,,,,,,,0.0000,0.0000,0.0000,0.0000,,,,,,88,,
23087648888,Building societies,Mutual ADI,0,Australian Unity Bank Limited (Big Sky BS),Australian Unity,,Jun-18,$,10024000,0,0,109142000,8669671,638276350,4027979,0,0,650974000,7301000,777441000,317615296,390977704,0,708593000,0,0,6245000,714838000,75506000,-12903000,0,62603000,,31455000,-11694000,19761000,0,2771903,3689000,23450000,-5975698,-83693,-801937,-12656672,-19518000,3932000,-1182000,2750000,,0.0188,0.0329,0.0254,,,,0.0172,0.0221,0.0483,0.0165,0.0297,,,0.1755,,,70224000,297806924,400190000,,,,,,,,0.0279,0.8323,0.0035,0.3006,,Y,N,N/A,N,89,Y,"Conglomerate, so harder to split out ADI financials"
087651992,Building societies,Mutual ADI,0,Maitland Mutual Building Society Limited (The Mutual),Maitland Mutual,,Jun-18,$,104276000,0,0,33118000,25286010,486647354,14605636,0,0,526539000,8145000,672078000,274457110,337850890,28613000,612308000,0,12265000,3022000,627595000,39755000,0,4728000,44483000,,23933000,-12988000,10945000,0,2761000,828000,14534000,-5731000,-172000,-688000,-4444000,-11035000,3499000,-1050000,2449000,,0.0173,0.0329,0.0260,,,,0.0172,0.0221,0.0475,0.0211,0.0315,0.1417,0.1417,0.1522,42688000,42688000,45830000,274377052,301186849,,,,,,,,0.0179,0.7593,0.0036,0.3001,,Y,Y,N/A,N,90,Y,
94087651983,Building societies,Mutual ADI,0,Newcastle Permanent Building Society Limited,Newcastle Perm,,Jun-18,$,636473000,0,214000,915023000,435382899,8379255427,251484674,0,0,9066123000,98267000,10716100000,3694477915,4547824085,0,8242302000,1546000,1469201000,48758000,9761807000,892454000,32313000,29526000,954293000,,344156000,-189555000,154601000,0,37076000,13698000,205375000,-85670000,-487000,-8228000,-48949000,-143334000,62041000,-19029000,43012000,,0.0239,0.0329,0.0239,,,,0.0172,0.0221,0.0380,0.0172,0.0325,0.1952,0.1952,0.2002,862000000,862000000,884000000,3837564676,4415491432,,,,,,,,0.0188,0.6979,0.0040,0.3067,,Y,Y,N/A,N,91,Y,
11087651125,Credit unions,Mutual ADI,0,Australian Central Credit Union Ltd (trading as People's Choice Credit Union),People's Choice,,Jun-18,$,201273000,0,848000,809036000,292618000,5676900000,1305792000,0,0,7275310000,104106000,8390573000,3587408000,2193765000,332618000,6113791000,1397000,1572767000,99576000,7787531000,410339000,192703000,0,603042000,,316784000,-161954000,154830000,0,19798000,69027000,243655000,-93266000,-2791000,-14014000,-89384000,-199455000,44200000,-12039000,32161000,,0.0128,0.0329,0.0213,,,,0.0172,0.0221,0.0435,0.0187,0.0291,0.1497,0.1497,0.1531,518000000,518000000,530000000,2981800000,3461000000,,,,,,,,0.0253,0.8186,0.0038,0.2724,,Y,Y,N/A,N,92,Y,Note 29(c) has loans by state (p.64)
50087649750,Credit unions,Mutual ADI,0,Bananacoast Community Credit Union Ltd,Bananacoast,,Jun-18,$,183920000,0,0,79498000,67915401,1173538362,39229107,0,0,1414225000,22730000,1700373000,691812931,851607069,0,1543420000,0,0,17821000,1561241000,98494000,40638000,0,139132000,,77504000,-30473000,47031000,0,2019028,9956000,56987000,-17123000,-1381000,-987000,-21674000,-41165000,15822000,-5127000,10695000,,0.0188,0.0329,0.0254,,,,0.0172,0.0221,0.0440,0.0197,0.0297,0.1367,0.1367,0.1480,129782000,129782000,140540000,860624992,949525778,,,,,,,,0.0305,0.7224,0.0063,0.3240,,Y,Y,N/A,N,93,Y,
,Credit unions,N/A - Mutual ADI,0,Central Coast Credit Union Ltd,Central Coast CU,,,$'000,0,0,0,0,,,,,,0,0,0,,,,0,0,0,0,0,0,0,0,0,,0,0,0,0,,0,0,0,0,0,0,0,0,0,0,,0.0188,0.0329,0.0254,,,,0.0172,0.0221,0.0440,0.0177,0.0297,,,,0,0,0,0,0,,,,,,,,0.0000,0.0000,0.0000,0.0000,,Unity Bank,Unity Bank,N/A,Unity Bank,94,N,
69087651812,Credit unions,Mutual ADI,0,Central Murray Credit Union Limited,Central Murray CU,,Jun-18,$,833392,0,0,21419237,4349042,56643077,2124058,0,0,63116177,2472887,87841693,37936257,42171094,0,80107351,0,0,1516902,81624253,4783983,1433457,0,6217440,,3191791,-1265485,1926306,0,326187,524470,2776963,-1005174,-35924,-142316,-1315569,-2498983,277980,-110096,167884,,0.0176,0.0329,0.0176,,,,0.0172,0.0221,0.0527,0.0167,0.0297,0.1377,0.1377,0.1422,5643210,5643210,5827624,36489572,40974760,,,,,,,,0.0240,0.8999,0.0019,0.3961,,Y,Y,N/A,N,95,Y,Note 10 has loans by state (p.32)
67087649885,Credit unions,Mutual ADI,0,Central West Credit Union Limited,Central West CU,,Jun-18,$,7844000,0,0,55410000,9807000,84559000,7288000,0,0,101654000,2514000,167422000,68198524,78418476,0,146617000,0,0,1437000,148054000,18871000,346000,151000,19368000,,4835000,-2238000,2597000,0,1582000,580000,4759000,-1763000,25000,-220000,-2270000,-4228000,531000,-141000,390000,,0.0250,0.0329,0.0250,,,,0.0172,0.0221,0.0476,0.0153,0.0297,0.2191,0.2191,0.2232,18530260,18530260,18876426,73500000,84562494,,,,,,,,0.0177,0.8884,0.0023,0.2655,,Y,Y,N/A,N,96,Y,
88087649910,Credit unions,Mutual ADI,0,Coastline Credit Union Limited,Coastline CU,,Jun-18,$,28905000,0,0,47823000,66010000,351463000,0,0,0,417473000,8879000,503080000,267237000,148280000,43000000,458517000,0,0,6399000,464916000,34211000,3905000,48000,38164000,,18762000,-8627000,10135000,0,1709000,2552000,14396000,-4285000,-115000,-454000,-5299000,-10153000,4243000,-1140000,3103000,,0.0223,0.0329,0.0223,,,,0.0172,0.0221,0.0449,0.0207,0.0297,0.1335,0.1335,0.1416,32886000,32886000,34870000,219833000,246294000,,,,,,,,0.0221,0.7053,0.0062,0.2687,,Y,Y,N/A,N,97,Y,Note 9(b) has loans by state (p.38)
14087650771,Credit unions,Mutual ADI,0,Community Alliance Credit Union Limited,CACU,,Jun-18,$,8033000,0,0,27126000,27493438,529130879,15880684,57740000,0,572505000,12052000,619716000,334337000,172829000,63000000,570166000,0,0,5357000,575523000,40211000,3982000,0,44193000,,23280000,-9617000,13663000,0,2126000,29000,15818000,-5620000,-18000,-1292000,-6798000,-13728000,2090000,-635000,1455000,,0.0188,0.0329,0.0254,,,,0.0172,0.0221,0.0407,0.0189,0.0297,0.1467,0.1467,0.1526,39397000,39397000,40984000,230374000,268540000,,,,,,,,0.0240,0.8679,0.0023,0.3038,,Y,Y,N/A,N,98,Y,Note 6.1(a) has loans by state (p.42)
80087649938,Credit unions,Mutual ADI,0,Community First Credit Union Limited,CFCU,,Jun-18,$,3520000,0,0,228358000,69861000,739493000,2598000,0,0,811952000,22448000,1066278000,540039000,401250000,24783000,966072000,0,660000,10703000,977435000,69407000,18985000,451000,88843000,,33057000,-16485000,16572000,0,5243000,7020000,28835000,-12166000,-400000,-1103000,-12234000,-25903000,2932000,-731000,2201000,,0.0226,0.0329,0.0226,,,,0.0172,0.0221,0.0407,0.0171,0.0297,0.1476,0.1476,0.1543,79700000,79700000,83301000,449457000,539954000,,,,,,,,0.0172,0.8983,0.0021,0.2493,,Y,Y,N/A,Requested,99,Y,
44087650959,Credit unions,Mutual ADI,0,Credit Union Australia Ltd,CUA,,Jun-18,$,307833000,0,947000,1607170000,569357000,11699600000,31367000,0,0,12300324000,106943000,14323217000,6148398000,3071426000,0,9219824000,902000,3972060000,93302000,13286088000,991032000,46097000,0,1037129000,,473593000,-262929000,210664000,0,41518000,35288000,287470000,-110440000,-8849000,-19090000,-63347000,-201726000,85744000,-22104000,63640000,,0.0217,0.0329,0.0217,,,,0.0172,0.0221,0.0385,0.0170,0.0257,0.1387,0.1387,0.1425,795183000,795183000,817048000,5065550000,5733147000,,,,,,,,0.0228,0.7017,0.0044,0.2578,,Y,Y,N/A,N,100,Y,Note 3.8(c) has loans by state (p.38)
087651849,Credit unions,Mutual ADI,0,Credit Union SA Ltd,CUSA,,Jun-18,$,35853000,0,0,113677000,38809000,864512000,1719000,0,0,905040000,10903000,1065473000,550883000,394627000,11500000,957010000,0,0,7880000,964890000,99520000,1008000,55000,100583000,,37136000,-15663000,21473000,0,3648000,6405000,31526000,-12269000,-179000,-891000,-12511000,-25850000,5676000,-1414000,4262000,,0.0101,0.0329,0.0253,,,,0.0172,0.0221,0.0425,0.0164,0.0254,0.1854,0.1854,0.1869,88129000,88129000,88835000,417783000,475271000,,,,,,,,0.0224,0.8200,0.0040,0.2491,,Y,Y,N/A,N,101,Y,Note 11 has loans by state (p.37)
59087651394,Credit unions,Mutual ADI,0,Dnister Ukrainian Credit Co-operative Limited,Dnister Ukrainian,,Jun-18,$,6533000,0,0,37370000,2233000,105240000,6800000,0,0,114273000,15231000,173407000,62881000,81930000,0,144811000,0,0,4447000,149258000,11637000,12512000,0,24149000,,4526000,-2519000,2007000,0,1274000,1718000,4999000,-2218000,-12000,-170000,-1993000,-4393000,606000,-170000,436000,,0.0290,0.0329,0.0290,,,,0.0172,0.0221,0.0396,0.0174,0.0297,0.2247,0.2247,0.2322,19585011,19585011,20242596,75700419,87159763,,,,,,,,0.0139,0.8788,0.0025,0.2805,,Y,Y,N/A,N,102,Y,Note 12(c) has loans by state (p.32)
35087650039,Credit unions,Mutual ADI,0,EECU Limited (trading as Nexus Mutual),EECU (Nexus Mutual),,Jun-18,$,1589000,0,0,80709000,4788000,232465000,1418000,0,0,238671000,2283000,323252000,185852000,115766000,0,301618000,0,2427000,692000,304737000,17884000,631000,0,18515000,,9078000,-5475000,3603000,0,2455000,790000,6848000,-2574000,0,-136000,-2423000,-5133000,1715000,-471000,1244000,,0.0298,0.0329,0.0298,,,,0.0172,0.0221,0.0380,0.0182,0.0779,0.1237,0.1237,0.1429,17961358,17961358,20745793,128178165,145218459,,,,,,,,0.0119,0.7496,0.0038,0.2746,,Y,Y,N/A,N,103,Y,Note 8(c) has loans by state (p.27)
39087650057,Credit unions,Mutual ADI,0,Family First Credit Union Limited,Family First CU,,Jun-18,$,1201375,0,0,15000000,8279886,98150952,0,10044136,0,116474974,1532675,134209024,75749378,43933357,0,119682735,0,2000000,1148823,122831558,10800099,577367,0,11377466,,4777205,-1577619,3199586,0,739242,870930,4809758,-1476356,-168405,-168405,-2148440,-3961606,848152,-229763,618389,,0.0456,0.0329,0.0456,,,,0.0172,0.0221,0.0410,0.0132,0.0223,0.1645,0.1645,0.1680,10618340,10618340,10846143,57528847,64556933,,,,,,,,0.0267,0.8237,0.0046,0.2709,,Y,Y,N/A,N,104,Y,Note 5.3 has loans by state (p.31)
17087651152,Credit unions,Mutual ADI,0,Fire Service Credit Union Limited,Fire Service CU,,Jun-18,$,6570000,0,0,19660000,2555000,34689000,0,0,0,37244000,327000,63801000,36117000,22409000,0,58526000,0,0,385000,58911000,4805000,85000,0,4890000,,1692000,-839000,853000,0,521000,244000,1618000,-645000,-1000,-61000,-761000,-1468000,150000,-34000,116000,,0.0199,0.0329,0.0199,,,,0.0172,0.0221,0.0454,0.0143,0.0297,0.1740,0.1740,0.1762,4657000,4657000,4717000,23059000,26765000,,,,,,,,0.0146,0.9073,0.0018,0.2267,,Y,Y,N/A,N,105,Y,Note 12(d) has loans by state (p.24)
68087651429,Credit unions,Mutual ADI,0,Firefighters & Affiliates Credit Co-operative Limited,Firefighters,,Jun-18,$,1735000,0,0,25560000,2688600,31934400,0,0,0,34623000,3684000,65602000,36389000,23174000,0,59563000,0,0,335000,59898000,2831000,2873000,0,5704000,,1525000,-743000,782000,0,582000,212000,1576000,-652000,-14000,-123000,-794000,-1583000,-7000,-29000,-36000,,0.0257,0.0329,0.0257,,,,0.0172,0.0221,0.0462,0.0134,0.0297,0.1669,0.1669,0.1720,4787000,4787000,4934000,15839295,28682000,,,,,,,,0.0131,1.0044,-0.0005,-4.1429,,Y,Y,N/A,N,106,Y,
63087649867,Credit unions,Mutual ADI,0,First Choice Credit Union Ltd,First Choice CU,,Jun-18,$,1891628,0,0,27979876,8701590,26210964,925643,0,0,35838197,1436080,67145781,37478891,21333977,0,58812868,0,0,617173,59430041,7001158,714582,0,7715740,,1797134,-782277,1014857,0,724244,268033,2007134,-680819,-42523,-35574,-959274,-1718190,288944,-77068,211876,,0.0242,0.0329,0.0242,,,,0.0172,0.0221,0.0501,0.0133,0.0297,0.1813,0.1813,0.1926,7046495,7046495,7484105,35008788,38858859,,,,,,,,0.0173,0.8560,0.0032,0.2667,,Y,Y,N/A,N,107,Y,Note 10.2(ii) has loans by state (p.25)
95087650735,Credit unions,Mutual ADI,0,First Option Credit Union Limited,First Option CU,,Jun-18,$,11715146,0,0,31576739,7403132,151260780,4374560,0,0,163038472,1239076,207569433,113026758,75962791,0,188989549,0,2000000,2251044,193240593,13900960,427880,0,14328840,,6512856,-3035761,3477095,0,904317,1591784,5973196,-1827138,-45021,-80067,-2970372,-4922598,1050598,-282154,768444,,0.0167,0.0329,0.0224,,,,0.0172,0.0221,0.0399,0.0157,0.0324,0.1491,0.1491,0.1535,13650000,13650000,14051000,74586674,91549000,,,,,,,,0.0184,0.8241,0.0037,0.2686,,Y,Y,N/A,N,108,Y,Note 7(c)(iii) has loans by state (p.26)
,Credit unions,Mutual ADI,0,Ford Co-operative Credit Society Limited,Ford (Geelong Bank),,Jun-18,$,4542000,0,0,28706000,3507000,95010000,0,0,0,98517000,3535000,135300000,87898000,36168000,0,124066000,0,0,1364000,125430000,5636000,4234000,0,9870000,,4257000,-2458000,1799000,0,896000,516000,3211000,-1082000,149000,-360000,-1355000,-2648000,563000,-162000,401000,,0.0269,0.0329,0.0269,,,,0.0172,0.0221,0.0432,0.0198,0.0297,0.1517,0.1517,0.1533,9504437,9504437,9606286,54451451,62661925,,,,,,,,0.0145,0.8247,0.0030,0.2877,,Y,Y,N/A,N,109,Y,Note 10(e)(i) has loans by state (p.28)
87087651509,Credit unions,Mutual ADI,0,Goulburn Murray Credit Union Co-operative Limited,Goulburn Murray CU,,Jun-18,$,41334654,0,0,59043687,5106967,252464335,11172509,0,0,268743811,7506527,376628679,207584003,119981571,0,327565574,0,0,4817670,332383244,42094229,2151206,0,44245435,,12572423,-4940769,7631654,0,2135657,419075,10186386,-4319688,364511,-342677,-1822917,-6120771,4065615,-1158588,2907027,,0.0213,0.0329,0.0213,,,,0.0172,0.0221,0.0468,0.0151,0.0297,0.2327,0.2327,0.2377,42382993,42382993,43284025,161878106,182112826,,,,,,,,0.0233,0.6009,0.0077,0.2850,,Y,Y,N/A,N,110,Y,Note 10 has loans by state (p.33)
64087650164,Credit unions,Mutual ADI,0,Holiday Coast Credit Union Ltd,Holiday Coast CU,,Jun-18,$,17539000,0,0,126102000,24721000,398241000,33178000,0,0,456140000,7876000,607657000,299854000,256702000,0,556556000,0,0,6956000,563512000,37663000,2761000,3721000,44145000,,21615000,-9076000,12539000,0,3250000,3483000,19272000,-7829000,-115000,-893000,-7239000,-16076000,3196000,-965000,2231000,,0.0080,0.0329,0.0247,,,,0.0172,0.0221,0.0474,0.0163,0.0297,0.1349,0.1404,0.1448,37589000,39115000,40340000,244968754,278642938,,,,,,,,0.0225,0.8342,0.0037,0.3019,,Y,Y,N/A,N,111,Y,Note 9(b) has loans by state (p.30)
66087650173,Credit unions,Mutual ADI,0,Horizon Credit Union Ltd,Horizon CU,,Jun-18,$,10231852,0,0,47218231,11648127,259092401,11347616,0,0,282088144,5466673,345004900,193688216,120266757,0,313954973,0,3483238,3139229,320577440,22380792,2046668,0,24427460,,11948738,-4518338,7430400,0,1411332,2738506,11580238,-4472330,-11699,-521618,-4845302,-9850949,1729289,-366709,1362580,,0.0055,0.0329,0.0287,,,,0.0172,0.0221,0.0424,0.0143,0.0124,0.1442,0.1442,0.1503,22667000,22667000,23635000,138767000,157234000,,,,,,,,0.0237,0.8507,0.0039,0.2121,,Y,Y,N/A,N,112,Y,Note 7(c)(ii) has loans by state (p.23)
68087650182,Credit unions,Mutual ADI,0,Hunter United Employees' Credit Union Limited,Hunter United,,Jun-18,$,21737844,0,0,35344696,10881837,255480410,214669,0,0,266576916,6096265,329755721,166075700,137006542,0,303082242,0,0,2222363,305304605,19575697,4875419,0,24451116,,11363809,-5681856,5681953,0,1306412,1273049,8261414,-3326098,-41631,-461567,-3896276,-7725572,535842,-155647,380195,,0.0040,0.0329,0.0345,,,,0.0172,0.0221,0.0426,0.0187,0.0297,0.1608,0.1608,0.1643,23427862,23427862,23929362,128902117,145661801,,,,,,,,0.0187,0.9351,0.0012,0.2905,,Y,Y,N/A,N,113,Y,
77087650217,Credit unions,Mutual ADI,0,Laboratories Credit Union Limited,Laboratories CU,,Jun-18,$,6993147,0,0,34942397,2557528,130869885,4092220,0,0,137519633,3551033,183006210,86234652,81287536,0,167522188,0,0,1618110,169140298,13111190,754722,-0,13865912,,5409124,-2929386,2479738,0,947072,189204,3616014,-997930,24456,-158988,-1442848,-2575310,1040704,-274009,766695,,0.0121,0.0329,0.0247,,,,0.0172,0.0221,0.0393,0.0175,0.0297,0.1533,0.1533,0.1623,12390000,12390000,13119000,70770000,80817000,,,,,,,,0.0148,0.7122,0.0042,0.2633,,Y,Y,N/A,N,114,Y,Note 7(c)(ii) has loans by state (p.29)
,Credit unions,N/A - Mutual ADI,0,"Lithuanian Co-operative Credit Society ""Talka"" Limited",Lithuanian,,,$'000,0,0,0,0,0,0,0,0,0,0,0,0,0,0,0,0,0,0,0,0,0,0,0,0,,0,0,0,0,0,0,0,0,0,0,0,0,0,0,0,,0.0188,0.0329,0.0254,,,,0.0172,0.0221,0.0440,0.0177,0.0297,,,,0,0,0,0,0,,,,,,,,0.0000,0.0000,0.0000,0.0000,,N,N,N/A,N,115,N,Can't find their website
79087650226,Credit unions,Mutual ADI,0,Lysaght Credit Union Ltd,Lysaght CU,,Mar-18,$,4637353,0,0,12855204,20482193,41558743,1068721,0,0,63109657,762168,81364382,43738838,29030450,0,72769288,0,0,693653,73462941,7461441,440386,-386,7901441,,2670107,-1103428,1566679,0,388183,189973,2144835,-781105,-113,-125737,-866831,-1773786,371049,-94447,276602,,0.0127,0.0329,0.0256,,,,0.0172,0.0221,0.0423,0.0152,0.0297,0.1848,0.1848,0.1956,7276647,7276647,7702275,34050216,39373112,,,,,,,,0.0215,0.8270,0.0034,0.2545,,Y,Y,N/A,N,116,Y,Note 7(c)(ii) has loans by state (p.27)
83087650244,Credit unions,Mutual ADI,0,MacArthur Credit Union Ltd,MacArthur CU,,Jun-18,$,1601921,0,0,40500000,9423000,156000075,2000,40904406,0,206329481,5302053,253733455,149046813,78063882,0,227110695,0,0,1878504,228989199,24272056,472200,0,24744256,,7065107,-2647415,4417692,0,2352307,872582,7642581,-3443728,-100892,-481694,-3183283,-7209597,432984,-138050,294934,,0.0559,0.0329,0.0559,,,,0.0172,0.0221,0.0342,0.0117,0.0297,0.1931,0.1931,0.1961,23173000,23173000,23532000,104826000,119983000,,,,,,,,0.0195,0.9433,0.0012,0.3188,,Y,Y,N/A,N/A,117,Y,
85087650253,Credit unions,Mutual ADI,0,Macquarie Credit Union Limited,Macquarie CU,,Jun-18,$,1285000,0,0,20000000,5737000,76932000,857000,0,0,83526000,1338000,106149000,63506000,27977000,0,91483000,0,1000000,818000,93301000,12296000,552000,0,12848000,,3699000,-1383000,2316000,0,502000,509000,3327000,-1171000,-6000,-122000,-1621000,-2920000,407000,-125000,282000,,0.0222,0.0329,0.0222,,,,0.0172,0.0221,0.0466,0.0154,0.0233,0.2166,0.2166,0.2267,11743000,11743000,12295000,48152955,54227284,,,,,,,,0.0253,0.8777,0.0027,0.3071,,Y,Y,N/A,N,118,Y,Note 9.3 has loans by state (p.29)
52087650995,Credit unions,Mutual ADI,0,MCU Ltd,MCU (Maleny),,Jun-18,$,4261706,0,0,10262339,2770141,32145529,465452,0,0,35381122,1279245,51184412,25237353,21806420,0,47043773,0,0,181226,47224999,2286561,556851,1116001,3959413,,1913599,-825569,1088030,0,253802,199686,1541518,-749538,-85781,-44042,-1013331,-1892692,-351174,122890,-228284,,0.0158,0.0329,0.0193,,,,0.0172,0.0221,0.0530,0.0175,0.0297,0.1137,0.1263,0.1383,2683831,2980804,3263117,20903045,23597367,,,,,,,,0.0231,1.2278,-0.0045,0.3499,,Y,Y,N/A,N,119,Y,Note 31(b) has loans by state (p.50)
36087650422,Credit unions,Mutual ADI,0,Northern Inland Credit Union Limited,Northern Inland CU,,Jun-18,$,14663874,0,0,35645787,13468104,204195903,12500814,0,0,230164821,6653447,287127929,131913008,113516381,0,245429389,0,0,5521491,250950880,34412575,1171202,593272,36177049,,10842676,-3279869,7562807,0,1237623,2170021,10970451,-4354253,17138,-351121,-4750144,-9438380,1532071,-456647,1075424,,0.0003,0.0329,0.0346,,,,0.0172,0.0221,0.0471,0.0134,0.0297,0.2143,0.2143,0.2200,32187855,32187855,33037855,128450454,150172068,,,,,,,,0.0308,0.8603,0.0037,0.2981,,Y,Y,N/A,N,120,Y,Note 8 has loans by state (p.44)
34087650477,Credit unions,Mutual ADI,0,Orange Credit Union Limited,Orange CU,,Jun-18,$,19993587,0,0,50635400,11964565,113841205,1316921,0,0,127122691,2502035,200253713,122137530,50743810,0,172881340,0,0,1399792,174281132,23743262,2229319,0,25972581,,6118223,-2267460,3850763,0,1882094,1349416,7082273,-2650081,-185431,-243198,-3112215,-6190925,891348,-237025,654323,,0.0266,0.0329,0.0266,,,,0.0172,0.0221,0.0481,0.0131,0.0297,0.2275,0.2275,0.2385,22734719,22734719,23836518,88143910,99935805,,,,,,,,0.0223,0.8741,0.0033,0.2659,,Y,Y,N/A,N,121,Y,
30087651205,Credit unions,Mutual ADI,0,Police Credit Union Limited,Police CU,,Jun-18,$,41780000,0,0,124409000,67723000,729335000,61384000,0,0,858442000,16103000,1040734000,445542000,508119000,0,953661000,0,0,8604000,962265000,59364000,19105000,0,78469000,,37665000,-19672000,17993000,0,3376000,6000000,27369000,-10290000,-172000,-877000,-9688000,-21027000,6342000,-1872000,4470000,,0.0203,0.0329,0.0203,,,,0.0172,0.0221,0.0439,0.0206,0.0297,0.1422,0.1422,0.1468,72656315,72656315,75027315,454202437,510960300,,,,,,,,0.0189,0.7683,0.0043,0.2952,,Y,Y,N/A,N,122,Y,
35087651670,Credit unions,Mutual ADI,0,Pulse Credit Union Limited,Pulse CU,,Jun-18,$,5677000,0,0,52120000,1288000,40751000,1022000,0,0,43061000,6315000,107173000,56915000,41492000,0,98407000,0,0,1448000,99855000,6318000,1000000,0,7318000,,1938000,-1361000,577000,0,1485000,316000,2378000,-970000,-9000,-95000,-1255000,-2329000,49000,8000,57000,,0.0280,0.0329,0.0280,,,,0.0172,0.0221,0.0440,0.0141,0.0297,0.1522,0.1522,0.1570,6704000,6704000,6917000,38244000,44060000,,,,,,,,0.0059,0.9794,0.0005,-0.1633,,Y,Y,N/A,N,123,Y,Note 8(b) has loans by state (p.15)
77087651027,Credit unions,Mutual ADI,0,Queensland Country Credit Union Limited,Queensland Country CU,,Jun-18,$,50387000,31686000,0,280285000,55276000,1691360000,0,0,0,1746636000,58531000,2167525000,1122438000,758774000,0,1881212000,0,0,41126000,1922338000,138341000,105990000,856000,245187000,,70264000,-32883000,37381000,0,7104000,127962000,172447000,-30399000,-859000,-3781000,-129515000,-164554000,7893000,-3260000,4633000,,0.0027,0.0329,0.0249,,,,0.0172,0.0221,0.0402,0.0175,0.0297,0.1532,0.1532,0.1582,150947117,150947117,155858550,842508188,985288968,,,,,,,,0.0199,0.9542,0.0021,0.4130,,Y,Y,N/A,N,124,Y,
91087651090,Credit unions,Mutual ADI,0,Railways Credit Union Limited (trading as MOVE),Railways CU (MOVE),,Jun-18,$,20391085,0,0,92788365,32198209,461711235,0,0,0,493909444,7357313,614446207,437778539,111504568,0,549283107,0,0,1898795,551181902,58329973,4735192,199140,63264305,,21021960,-10967925,10054035,0,2602561,2081688,14738284,-6379352,-890909,-1026640,-5136153,-13433054,1305230,-372174,933056,,0.0166,0.0329,0.0244,,,,0.0172,0.0221,0.0426,0.0200,0.0297,0.2096,0.2096,0.2146,59792955,59792955,61219633,250573000,285336000,,,,,,,,0.0183,0.9114,0.0015,0.2851,,Y,Y,N/A,N,125,Y,
80087650673,Credit unions,Mutual ADI,0,South West Slopes Credit Union Ltd,SW Slopes CU,,Jun-18,$,7652000,0,0,41856000,17818000,93947000,1324000,0,0,113089000,2064000,164661000,74355000,67673000,0,142028000,0,0,1348000,143376000,20967000,318000,0,21285000,,5829000,-1556000,4273000,0,1215000,566000,6054000,-2436000,-2000,-297000,-2436000,-5171000,883000,-243000,640000,,0.0111,0.0329,0.0270,,,,0.0172,0.0221,0.0515,0.0110,0.0297,0.2571,0.2571,0.2612,20010563,20010563,20328697,67524000,77829000,,,,,,,,0.0301,0.8541,0.0039,0.2752,,Y,Y,N/A,N,126,Y,
82087650682,Credit unions,Mutual ADI,0,Southern Cross Credit Union Ltd,Southern Cross CU,,Jun-18,$,7222000,0,0,65458000,12665642,382936633,49877725,0,0,445480000,3801000,521961000,202207000,261424000,0,463631000,0,0,5578000,469209000,49377000,2969000,406000,52752000,,19028000,-8324000,10704000,0,1485000,3212000,15401000,-5181000,-219000,-419000,-5240000,-11059000,4342000,-1279000,3063000,,0.0036,0.0329,0.0223,,,,0.0172,0.0221,0.0427,0.0180,0.0297,0.1822,0.1822,0.1925,48472000,48472000,51212000,236583000,266052000,,,,,,,,0.0231,0.7181,0.0059,0.2946,,Y,Y,N/A,N,127,Y,Note 31(b) has loans by state (p.67)
44087651705,Credit unions,Mutual ADI,0,South-West Credit Union Co-Operative Limited,South-West Co-op,,Jun-18,$,19019904,0,0,12122603,3746735,96331527,4787761,0,0,104866023,2932576,138941106,52068856,74138161,0,126207017,0,0,1812622,128019639,9333409,1588058,0,10921467,,4736654,-1834628,2902026,0,547786,775147,4224959,-1724110,21571,-173489,-2043745,-3919773,305186,-101935,203251,,0.0137,0.0329,0.0237,,,,0.0172,0.0221,0.0452,0.0145,0.0297,0.1545,0.1545,0.1589,10138000,10138000,10425000,58226000,65597000,,,,,,,,0.0230,0.9278,0.0015,0.3340,,Y,Y,N/A,N,128,Y,ICAAP has count and balance of loans by post code
23087650806,Credit unions,Mutual ADI,0,Summerland Financial Services Limited (trading as Summerland Credit Union),Summerland,,Jun-18,$,17291000,0,0,91768000,23533000,504638000,35158000,0,0,563329000,16762000,689150000,359322000,225190000,14352000,598864000,64000,18310000,12818000,630056000,51754000,6834000,506000,59094000,,23622000,-9591000,14031000,0,2927000,3976000,20934000,-8282000,-27000,-1183000,-7207000,-16699000,4235000,-1138000,3097000,,0.0127,0.0329,0.0295,,,,0.0172,0.0221,0.0419,0.0160,0.0039,0.1622,0.1622,0.1683,56364000,56364000,58493000,308239000,347544000,,,,,,,,0.0234,0.7977,0.0045,0.2687,,Y,Y,N/A,N,129,Y,Note 26(b) has loans by state (p.54)
93087650726,Credit unions,Mutual ADI,0,Sydney Credit Union Ltd,Sydney CU,,Jun-18,$,9219000,0,0,163769000,41054000,629169000,10191000,0,0,680414000,14127000,867529000,456395000,315224000,0,771619000,0,4000000,11251000,786870000,62345000,18314000,0,80659000,,27265000,-10675000,16590000,0,5007000,5510000,27107000,-11451000,-401000,-607000,-9263000,-21722000,5385000,-1509000,3876000,,0.0116,0.0329,0.0299,,,,0.0172,0.0221,0.0401,0.0137,0.0318,0.1635,0.1635,0.1686,73585900,73585900,75885900,398689000,450074500,,,,,,,,0.0215,0.8013,0.0045,0.2802,,Y,Y,N/A,Requested,130,Y,Note 7(c)(iii) has loans by state (p.32)
12087650762,Credit unions,Mutual ADI,0,The Broken Hill Community Credit Union Ltd,Broken Hill CU,,Jun-18,$,5686243,0,0,17540323,4047269,44814674,2678735,0,0,51540678,5710586,80477830,50798734,20396607,0,71195341,0,0,1199424,72394765,7616386,466679,0,8083065,,2784444,-553219,2231225,0,658484,777815,3667524,-1337802,-40369,-254013,-1765922,-3398106,269418,-80967,188451,,0.0165,0.0329,0.0322,,,,0.0172,0.0221,0.0540,0.0078,0.0297,0.1735,0.1735,0.1780,7281551,7281551,7469118,37504994,41965723,,,,,,,,0.0313,0.9265,0.0023,0.3005,,Y,Y,N/A,N,131,Y,Note 13(a) has loans by state (p.30)
54087650940,Credit unions,Mutual ADI,0,The Capricornian Ltd,Capricornian,,Jun-18,$,33958882,0,0,12054188,10091725,272248267,0,0,0,282339992,5084289,333437351,165872897,140681797,0,306554694,0,0,2980838,309535532,20141045,1252195,2508579,23901819,,12812254,-5588671,7223583,0,939095,1678958,9841636,-3288319,-329030,-420933,-3803075,-7841357,2000279,-585512,1414767,,0.0183,0.0329,0.0264,,,,0.0172,0.0221,0.0454,0.0182,0.0297,0.1273,0.1340,0.1388,19935653,20980853,21733119,138529421,156573956,,,,,,,,0.0236,0.7968,0.0042,0.2927,,Y,Y,N/A,N,132,Y,Note 17 says loans are predominantly in central Queensland (p.38)
,Credit unions,N/A - Mutual ADI,0,The Gympie Credit Union Ltd,Gympie CU,,,$'000,0,0,0,0,0,0,0,0,0,0,0,0,0,0,0,0,0,0,0,0,0,0,0,0,,0,0,0,0,,0,0,0,0,0,0,0,0,0,0,,0.0188,0.0329,0.0254,,,,0.0172,0.0221,0.0440,0.0177,0.0297,,,,0,0,0,0,0,,,,,,,,0.0000,0.0000,0.0000,0.0000,,N,N,N/A,N,133,N,Can't find their website
50087650922,Credit unions,Mutual ADI,0,Traditional Credit Union Limited,Traditional CU,,Jun-18,$,2188824,0,0,8521983,72690,0,0,0,0,72690,967393,11750890,6053514,126381,0,6179895,0,0,946362,7126257,4013723,610910,0,4624633,,183782,-54190,129592,0,145239,6522316,6651908,-2792689,114,-262459,-2932104,-5987138,664770,-181796,482974,,0.0170,0.0329,0.0170,,,,0.0172,0.0221,0.0170,0.0088,0.0297,1.3358,1.3358,1.3358,4091804,4091804,4091804,2482615,3063265,,,,,,,,0.0210,0.9001,0.0411,0.2735,,Y,Y,N/A,N,134,Y,Note 10(f) has loans by region (p.36)
78087650600,Credit unions,Mutual ADI,0,Transport Mutual Credit Union Limited,Transport Mutual CU,,Jun-18,$,3830272,0,0,8438190,5219651,62486747,0,0,0,67706398,2711114,82685974,25797614,35100910,0,60898524,0,12000000,540676,73439200,8748777,497997,0,9246774,,2732509,-1033975,1698534,0,193333,86836,1978703,-712976,-52682,-106317,-1025310,-1897285,81418,-22964,58454,,0.0040,0.0329,0.0211,,,,0.0172,0.0221,0.0404,0.0133,0.0187,0.2170,0.2170,0.2283,8533000,8533000,8975000,35339000,39319000,,,,,,,,0.0279,0.9589,0.0007,0.2821,,Y,Y,N/A,N,135,Y,Note 7(c)(iii) has loans by state (p.32)
98087651116,Credit unions,Mutual ADI,0,Warwick Credit Union Ltd,Warwick CU,,Jun-18,$,6156891,0,0,32152622,32409621,201336303,0,0,0,233745924,5618205,277673642,105399781,129744898,0,235144679,0,0,19126238,254270917,16727108,709555,5966062,23402725,,10280867,-5246173,5034694,0,752250,1381174,7168118,-2808069,-124321,-315057,-3181317,-6428764,739354,-215939,523415,,0.0071,0.0329,0.0220,,,,0.0172,0.0221,0.0440,0.0223,0.0297,0.1032,0.1446,0.1495,14978910,20978910,21688465,129519911,145091682,,,,,,,,0.0214,0.8969,0.0019,0.2921,,Y,Y,N/A,N,136,Y,
48087651787,Credit unions,Mutual ADI,0,WAW Credit Union Co-Operative Limited,WAW CU,,Jun-18,$,3541704,0,0,97441253,279884,326255104,24469469,0,0,351004457,9794632,461782046,208750337,217806520,0,426556857,0,0,5147897,431704754,1571704,28505588,-0,30077292,,15760203,-7563408,8196795,0,2200611,2576806,12974212,-5237521,-2810,-603183,-4918976,-10762490,2211722,-590057,1621665,,0.0218,0.0329,0.0218,,,,0.0172,0.0221,0.0449,0.0177,0.0297,0.1431,0.1431,0.1457,29245154,29245154,29781373,178367365,204365734,,,,,,,,0.0192,0.8295,0.0035,0.2668,,Y,Y,N/A,N,137,Y,Note 10 has loans by state (p.25)
67087651803,Credit unions,Mutual ADI,0,Woolworths Employees' Credit Union Limited,Woolworths CU,,Jun-18,$,6482651,0,0,13107894,7896401,88728946,0,0,0,96625347,1075385,117291277,49715061,51028163,0,100743224,0,6007744,1525609,108276577,8619709,394991,0,9014700,,4446332,-1805502,2640830,0,361797,953868,3956495,-1662275,-21348,-163896,-1666023,-3513542,442953,-123131,319822,,0.0185,0.0329,0.0185,,,,0.0172,0.0221,0.0460,0.0166,0.0229,0.1576,0.1576,0.1624,8534823,8534823,8796174,46832039,54155047,,,,,,,,0.0262,0.8880,0.0027,0.2780,,Y,Y,N/A,N,138,Y,Note 7(d) has loans by state (p.24)
,Restricted ADIs,N/A - excluded from model,0,volt bank limited,volt bank,,,,0,0,0,0,0,0,0,0,0,0,0,0,0,0,0,0,0,0,0,0,0,0,0,0,,0,0,0,0,0,0,0,0,0,0,0,0,0,0,0,,0.0188,0.0329,0.0254,,,,0.0172,0.0221,0.0440,0.0177,0.0297,,,,0,0,0,0,0,,,,,,,,0.0000,0.0000,0.0000,0.0000,,,,,,139,,
87651849,Other ADIs,Mutual ADI,0,Goldfields Money Limited,Goldfields,,Jun-18,$,14529171,0,0,24507371,2734196,146403224,21373080,0,0,170510500,11574531,221121573,35511217,159712091,0,195223308,0,0,1332365,196555673,-716025,1001485,24280440,24565900,,7039919,-4785563,2254356,0,953314,1901437,5109107,-2093164,-4946,-152136,-3276722,-5526968,-417861,11162,-406699,,0.0155,0.0329,0.0155,,,,0.0172,0.0221,0.0425,0.0230,0.0297,0.2105,0.2105,0.2140,20762000,20762000,21104000,87786396,98617930,,,,,,,,0.0115,1.0818,-0.0018,0.0267,,Y,Y,N/A,N,140,Y,Demutualised and listed on ASX in 2012
,Other ADIs,N/A - Mutual ADI,0,MyLifeMyFinance Limited,MyLifeMyFinance,,,$'000,,0,,,,,,,,,0,,,,,,,,0,,,,0,0,,,,0,0,,0,,,,,0,,0,,0,,0.0188,0.0329,0.0254,,,,0.0172,0.0221,0.0440,0.0177,0.0297,,,,,,,,,,,,,,,,0.0000,0.0000,0.0000,0.0000,,N,Y,N/A,N,141,N,Can't find their annual report (owned by Catholic Super Fund)
,Other ADIs,N/A - Mutual ADI,0,Cairns Penny Savings & Loans Limited,Cairns Penny S&L,,,$'000,,0,,,,,,,,,0,,,,,,,,0,,,,0,0,,,,0,0,,0,,,,,0,,0,,0,,0.0188,0.0329,0.0254,,,,0.0172,0.0221,0.0440,0.0177,0.0297,,,,,,,,,,,,,,,,0.0000,0.0000,0.0000,0.0000,,N,Y,N/A,N,142,N,Can't find their annual report
,Other ADIs - Industry Services,N/A - excluded from model,0,Australian Settlements Limited,ASL,,,,,,,,,,,,,,,,,,,,,,,,,,,,,,,,,,,,,,,,,,,,,0.0188,0.0329,0.0254,,,,0.0172,0.0221,0.0440,0.0177,0.0297,,,,,,,,,,,,,,,,0.0000,0.0000,0.0000,0.0000,,,,,,143,,
,Other ADIs - Industry Services,N/A - excluded from model,0,Cuscal Limited,Cuscal,,,,,,,,,,,,,,,,,,,,,,,,,,,,,,,,,,,,,,,,,,,,,0.0188,0.0329,0.0254,,,,0.0172,0.0221,0.0440,0.0177,0.0297,,,,,,,,,,,,,,,,0.0000,0.0000,0.0000,0.0000,,,,,,144,,
,Other ADIs - Industry Services,N/A - excluded from model,0,Indue Ltd,Indue,,,,,,,,,,,,,,,,,,,,,,,,,,,,,,,,,,,,,,,,,,,,,0.0188,0.0329,0.0254,,,,0.0172,0.0221,0.0440,0.0177,0.0297,,,,,,,,,,,,,,,,0.0000,0.0000,0.0000,0.0000,,,,,,145,,
